id,name,Weighted Average Verification Age (Days),Merchants per Capita,Merchants per km¬≤,Score,population,area_km2,total_merchants,weighted_total_merchants,up_to_date_elements,up_to_date_percent,Average Verification Age (Days),id (Latest Report),date,average_verification_date,grade,legacy_elements,outdated_elements,total_elements,total_elements_atms,total_elements_lightning,total_elements_lightning_contactless,total_elements_onchain
82,Bitcoin Bulgaria,355.16,0.0000209802,0,0.0,6815962,,143,72.93,86,51,346,167365,2025-01-21,2024-02-12 00:00:00,,3,80,166,23,122,73,135
17,Alicante Bitcoin Plebs üçäüíä,0,0.0000000000,0.0000000000,0.0,338577,500.72,0,0.0,0,0,None,153224,2024-01-29,,,0,0,0,0,0,0,0
30,Asturias 2140,0,0.0000000000,0.0000000000,0.07996684773925548,6260,367.25,0,0.0,0,0,None,153229,2024-01-29,,,0,0,0,0,0,0,0
46,Barcelona Bitcoin Only,346.53,0.0000152794,0.1086625810,0.8621564946477073,1636193,230.07,25,17.0,26,68,338,166231,2024-12-18,2024-02-20 00:00:00,,0,12,38,13,13,3,33
64,Bitcoin 2140 A Coru√±a,351.67,0.0000081733,0.0180440274,0.2879445692320705,244700,110.84,2,1.32,2,66,345,163552,2024-10-05,2024-02-13 00:00:00,,0,1,3,1,1,0,3
68,Bitcoin & Cards,319.73,0,0.1635991820,0.8681598498162646,,220.05,36,28.080000000000002,32,78,307,167115,2025-01-15,2024-03-22 00:00:00,,1,9,41,5,35,9,23
83,Bitcoin C√°diz,121.0,0.0000000000,0.0000000000,0.23341188688288864,94120,111.14,0,0.0,1,100,121,163159,2024-09-25,2024-09-24 00:00:00,,0,0,1,1,0,0,1
86,Bitcoin Club Malta,287.75,0,0.0048553622,0.2617521367521367,,2883.41,14,10.5,12,75,262,166061,2024-12-11,2024-05-06 00:00:00,,1,4,16,2,13,0,15
87,Bitcoin C√≥rdoba,281.0,0.0000062595,0.0012040722,0.16457382695352668,319515,1661.03,2,1.5,3,75,253,165686,2024-12-01,2024-05-15 00:00:00,,0,1,4,2,1,0,2
102,Bitcoin Figueres,389.83,0.0001274210,0.0770910960,0.31583392017114587,47088,77.83,6,0.96,1,16,514,166228,2024-12-18,2023-08-28 00:00:00,,1,5,6,0,6,0,0
125,Bitcoin Murcia 2140,135.0,0.0000021599,0.0007845537,0.19231391960122873,462979,1274.61,1,1.0,5,100,135,164507,2024-10-30,2024-09-10 00:00:00,,0,0,5,4,0,0,5
127,Bitcoin Night,373.89,0.0000252501,0.2142270220,0.573912241881894,2891082,340.76,73,12.41,13,17,417,167013,2025-01-11,2023-12-03 00:00:00,,1,63,76,3,67,3,63
130,Bitcoin - Orihuela Costa,86.0,0.0000000000,0.0000000000,0.22442281881522222,80784,726.4,0,0.0,1,100,86,164485,2024-10-30,2024-10-29 00:00:00,,0,0,1,1,0,0,1
135,Bitcoin Quer√©taro,397.67,0.0000136703,0.0398695179,0.3151690487633,804663,275.9,11,1.76,2,16,561,167294,2025-01-20,2023-07-12 00:00:00,,0,10,12,1,10,0,11
139,Bitcoin Sevilla,258.6,0.0000029326,0.0069686411,0.31002556218775906,681998,287.0,2,1.6,4,80,232,163884,2024-10-14,2024-06-05 00:00:00,,0,1,5,3,2,0,4
141,Bitcoin Social Club MADRID,235.0,0.0000064009,0.0229292687,0.6287492033337665,3280782,915.86,21,17.01,26,81,205,166621,2024-12-31,2024-07-02 00:00:00,,0,6,32,11,12,1,23
145,Bitcoin Tuesday,235.0,0.0000064009,0.0229292687,0.6287492033337665,3280782,915.86,21,17.01,26,81,205,166614,2024-12-31,2024-07-02 00:00:00,,0,6,32,11,12,1,23
177,Brussels 2140,392.5,0.0000425222,0.0637297857,0.3866545221350816,188137,125.53,8,4.0,4,50,420,166320,2024-12-21,2023-11-30 00:00:00,,0,4,8,0,5,3,5
188,Cambridge Bitcoin,401.67,0.0000205939,0.0738370662,0.3204522007373926,145674,40.63,3,0.99,1,33,475,165747,2024-12-02,2023-10-06 00:00:00,,0,2,3,0,1,1,3
371,Gipuzkoa 2140,257.0,0.0000053234,0.0047680351,0.3031077366442438,187849,209.73,1,1.0,1,100,257,163516,2024-10-05,2024-05-11 00:00:00,,0,0,1,0,0,0,1
378,Granada 2140,281.0,0.0000131187,0.0145482760,0.33837425458110687,228682,206.21,3,2.4000000000000004,4,80,260,164486,2024-10-30,2024-05-08 00:00:00,,0,1,5,2,3,0,4
460,Mallorca 21 Bitcoin,0,0.0000000000,0.0000000000,0.2518778113414325,405318,462.52,0,0.0,0,0,None,153432,2024-01-29,,,0,0,0,0,0,0,0
468,MeetBMad,235.0,0.0000064009,0.0229292687,0.6287492033337665,3280782,915.86,21,17.01,26,81,205,166625,2024-12-31,2024-07-02 00:00:00,,0,6,32,11,12,1,23
551,Reus 2140,184.0,0.0000093685,0.0070387837,0.3101473182507444,106741,142.07,1,1.0,2,100,184,163586,2024-10-06,2024-07-23 00:00:00,,0,0,2,1,0,0,2
556,Round Rock Bitcoiners,0,0.0000000000,0.0000000000,0.27325042224310797,119468,257.1,0,0.0,0,0,None,157699,2024-04-21,,,0,0,0,0,0,0,0
569,Santiago de Chile,388.75,0.0000004887,0.0373785198,0.3103460517886926,6139087,80.26,3,0.75,1,25,460,167225,2025-01-18,2023-10-21 00:00:00,,0,3,4,1,3,1,3
570,S√£o Paulo - Go BTC,172.47,0,0.0413261701,0.8439077342452166,,1500.26,62,58.9,61,95,163,167393,2025-01-23,2024-08-13 00:00:00,,2,3,64,2,57,25,47
571,Satoshi en Venezuela,383.35,0.0000158827,0.0464003998,0.2019404551118376,3274000,1120.68,52,1.56,2,3,842,164576,2024-11-01,2022-10-04 00:00:00,,0,50,52,0,2,0,1
578,Satoshi Spritz Varese,210.0,0,0.0180929980,0.30613406714975383,,55.27,1,1.0,1,100,210,160324,2024-06-28,2024-06-27 00:00:00,,0,0,1,0,0,0,0
624,Trigo Conecta,365.0,0,0.0055596184,0.05671617980099951,,2338.29,13,0.0,0,0,554,162830,2024-09-16,2023-07-19 00:00:00,,0,13,13,0,13,0,13
638,Valencia Bitcoin Plebs,196.82,0.0000063092,0.0129229020,0.3132250139665266,792492,386.91,5,4.5,10,90,180,164497,2024-10-30,2024-07-27 00:00:00,,0,1,11,6,3,2,10
16,Bitcoin Tribe Algarve,281.92,0.0000812843,0.0072400259,0.3432258064516129,467495,5248.6,38,28.88,30,76,257,166661,2025-01-02,2024-05-11 00:00:00,,0,9,39,1,31,8,28
28,Arnhem Bitcoin City,207.5,0.0004400426,0.7004735596,0.9942064550546812,161348,101.36,71,68.87,70,97,203,167410,2025-01-23,2024-07-04 00:00:00,,0,2,72,1,70,1,9
32,Atlanta BitDevs,373.5,0.0000003255,0.0034518467,0.2693219758033092,6144050,579.4,2,0.24,1,12,433,165980,2024-12-09,2023-11-17 00:00:00,,0,7,8,6,2,0,8
41,Bitcoin Association of Hong Kong,353.12,0.0000008229,0.0021672621,0.17956988418232583,7291600,2768.47,6,3.7199999999999998,5,62,346,166784,2025-01-05,2024-02-12 00:00:00,,1,3,8,2,4,1,7
42,Bitcoin Baden,416.5,0.0001551189,0.2281368821,0.3068714289294102,19340,13.15,3,0.75,1,25,571,165688,2024-12-01,2023-07-02 00:00:00,,0,3,4,1,2,0,2
47,Bay Area Bitcoiners,406.43,0.0000012978,0.0100554727,0.2829699835020274,4623264,596.69,6,1.6800000000000002,2,28,510,164886,2024-11-09,2023-09-01 00:00:00,,0,5,7,1,1,0,4
51,Belgian Bitcoin Embassy,426.29,0.0000060428,0.0021814478,0.22056047625961955,11584008,32088.78,70,21.7,22,31,560,167373,2025-01-22,2023-07-13 00:00:00,,0,48,70,0,54,6,51
53,Berkshire Bitcoiners,406.5,0.0000021944,0.0015872890,0.29838416538994544,911403,1260.01,2,1.0,1,50,448,163524,2024-10-05,2023-11-02 00:00:00,,0,1,2,0,2,2,2
62,BitDevs Amsterdam,325.59,0.0000153201,0.0988450734,0.5938067467763765,2480394,384.44,38,29.26,34,77,314,167118,2025-01-15,2024-03-15 00:00:00,,1,10,44,6,37,9,25
63,Bit Miami,427.4,0.0000203509,0.0625869263,0.33524628294543035,442241,143.8,9,3.6,4,40,521,166335,2024-12-21,2023-08-21 00:00:00,,0,6,10,1,8,5,5
65,Bitcoin Almer√≠a,115.0,0.0000000000,0.0000000000,0.29717331104516903,196851,302.35,0,0.0,2,100,115,164476,2024-10-30,2024-09-30 00:00:00,,0,0,2,2,0,0,2
67,Bitcoin & Beer,398.6,0.0000030366,0.0217796385,0.31443202607350085,2963821,413.23,9,1.8,2,20,533,166523,2024-12-28,2023-08-09 00:00:00,,0,8,10,1,4,0,5
70,Bitcoin Aruba,409.0,0.0000171562,0.0006814287,0.2827244862123638,116576,2935.01,2,1.0,1,50,453,158215,2024-05-04,2023-10-28 00:00:00,,0,1,2,0,1,0,1
71,Bitcoin Association Switzerland,393.29,0.0000610173,0.0127725683,0.7,8636896,41260.3,527,173.91,193,33,449,167239,2025-01-18,2023-11-01 00:00:00,,4,380,573,46,462,79,224
73,Bitcoin Austria,389.55,0.0000141781,0.0015256239,0.2627565982404692,9027999,83900.1,128,65.28,89,51,413,167411,2025-01-23,2023-12-07 00:00:00,,0,85,174,46,122,22,146
79,Bitcoin Bristol,375.0,0.0000126984,0.0357952512,0.31147585565392827,472500,167.62,6,3.0,3,50,385,167127,2025-01-15,2024-01-04 00:00:00,,0,3,6,0,5,3,4
80,Bitcoin Brunch Miami,427.4,0.0000203509,0.0625869263,0.3139760706404423,442241,143.8,9,3.6,4,40,521,166328,2024-12-21,2023-08-21 00:00:00,,0,6,10,1,8,5,5
84,Bitcoin Charlotte,350.6,0.0000034302,0.0040445984,0.30217789460060307,874579,741.73,3,1.2000000000000002,2,40,329,165600,2024-11-28,2024-02-29 00:00:00,,0,3,5,2,3,1,2
89,Bitcoin Cowries,401.0,0.0000002803,0.0000356008,0.007969639468690701,32103042,252803.36,9,1.98,2,22,527,165791,2024-12-03,2023-08-15 00:00:00,,0,7,9,0,6,1,6
90,Bitcoin Cypherpunks Uncensored Afterhours,330.42,0.0000008062,0.0207926145,0.30796603031246894,6202225,240.47,5,2.05,5,41,282,166833,2025-01-06,2024-04-16 00:00:00,,0,7,12,7,2,0,8
92,Bitcoin Dada Nairobi,178.7,0.0000057689,0.0539393721,0.5160337737679116,10400676,1112.36,60,54.0,54,90,158,167092,2025-01-14,2024-08-18 00:00:00,,24,6,60,0,55,36,52
94,Bitcoin Dresden,391.95,0.0000141442,0.0578105033,0.3317300435507004,1343305,328.66,19,7.9799999999999995,8,42,429,167351,2025-01-21,2023-11-21 00:00:00,,0,11,19,0,10,2,13
95,Bitcoin du Liban,383.56,0.0000033983,0.0012144889,0.2903816018729879,5296814,14821.05,18,1.98,2,11,532,165389,2024-11-23,2023-08-10 00:00:00,,0,16,18,0,10,2,7
98,Bitcoin Edinburgh,408.09,0.0000122025,0.0402120271,0.30764501957439816,901455,273.55,11,1.98,2,18,602,163951,2024-10-16,2023-06-01 00:00:00,,0,9,11,0,5,3,8
100,Bitcoin Embassy London,314.19,0.0000046991,0.0419132458,0.4814852328193594,14257962,1598.54,67,45.56,46,68,291,167320,2025-01-20,2024-04-07 00:00:00,,4,21,67,0,60,23,40
101,Bitcoin Embassy Tel Aviv,418.14,0.0000012974,0.0272776869,0.3082351270782612,3854000,183.3,5,2.1,3,42,489,166862,2025-01-07,2023-09-22 00:00:00,,0,4,7,2,0,0,3
105,Bitcoin in Venice,377.43,0.0000541199,0.0334808083,0.3231711984648937,258685,418.15,14,5.88,6,42,394,165446,2024-11-24,2023-12-26 00:00:00,,0,8,14,0,6,2,4
112,Bitcoin Jungle,35.0,0.0106000000,0.2617477838,0.7261768914057126,10000,404.97,106,106.0,106,100,35,166974,2025-01-10,2024-12-19 00:00:00,,0,0,106,0,105,29,105
114,Bitcoin Lake Guatemala,412.96,0.0104000000,0.3655536028,0.41268636373600465,10000,284.5,104,28.080000000000002,29,27,537,166819,2025-01-05,2023-08-05 00:00:00,,0,75,104,0,96,1,41
115,Bitcoin Lausanne,424.2,0.0000287540,0.0978473581,0.3063916006885244,139111,40.88,4,1.6,2,40,513,158722,2024-05-16,2023-08-29 00:00:00,,0,3,5,1,4,4,4
122,Bitcoin Montreal,368.06,0.0000027961,0.0192218360,0.3176134805725534,4291732,624.29,12,4.5600000000000005,13,38,373,166791,2025-01-05,2024-01-16 00:00:00,,0,21,34,22,6,0,28
123,Bitcoin Mountain,0,0.0000000000,0.0000000000,0.26641506663519027,1553320,28301.28,0,0.0,0,0,None,153521,2024-01-29,,,0,0,0,0,0,0,0
124,Bitcoin Munich,385.15,0.0000045067,0.0873956108,0.3311496845725909,5991144,308.94,27,7.829999999999999,8,29,433,167363,2025-01-21,2023-11-17 00:00:00,,0,19,27,0,27,8,13
126,Bitcoin Naples,0,0.0000000000,0.0000000000,0.2999532917600462,322000,39.36,0,0.0,0,0,None,153523,2024-01-29,,,0,0,0,0,0,0,0
129,Bitcoin Nottingham,383.0,0.0000039030,0.0404858300,0.30389688577650553,768638,74.1,3,0.99,1,33,419,166948,2025-01-09,2023-12-01 00:00:00,,0,2,3,0,3,2,3
133,Bitcoin Poland Silesia,306.65,0.0000023676,0.0008925311,0.3238945251324554,4646000,12324.5,11,9.57,27,87,298,166557,2024-12-29,2024-03-31 00:00:00,,2,4,31,20,7,3,31
134,Bitcoin Puerto Rico,410.38,0.0000024347,0.0003717875,0.28637933823426615,3285874,21517.67,8,2.96,3,37,486,166366,2024-12-22,2023-09-25 00:00:00,,0,5,8,0,7,2,8
136,Bitcoin Rock,365.0,0.0000882275,0.0325520833,0.29989063436498625,34003,92.16,3,0.0,0,0,824,163986,2024-10-17,2022-10-22 00:00:00,,0,3,3,0,3,3,3
137,Bitcoin Saigon,354.5,0.0000002349,0.0020771624,0.3112312220020297,21281639,2407.13,5,3.5,7,70,350,165010,2024-11-12,2024-02-08 00:00:00,,0,3,10,5,5,0,9
140,Bitcoin Sheffield,365.0,0.0000089847,0.0135961931,0.2995635936167937,556500,367.75,5,0.0,0,0,740,159504,2024-06-04,2023-01-14 00:00:00,,0,5,5,0,4,0,5
142,Bitcoin Surrey,382.33,0.0000075236,0.0053911908,0.32192786483146774,1196236,1669.39,9,5.94,6,66,391,166584,2024-12-30,2023-12-29 00:00:00,,0,3,9,0,9,3,7
143,Bitcoin Sydney,334.33,0.0000028674,0.0034684727,0.3347161413454636,5231147,4324.67,15,9.9,14,66,319,167042,2025-01-12,2024-03-10 00:00:00,,1,7,21,6,9,1,12
144,Bitcoin Toronto,322.73,0.0000008062,0.0416527824,0.3089139578488342,6202225,120.04,5,2.25,5,45,272,166832,2025-01-06,2024-04-26 00:00:00,,0,6,11,6,2,0,7
148,Bitcoin Ville de Qu√©bec,346.0,0.0000002285,0.0028379260,0.3031887603517148,8751352,704.74,2,1.0,1,50,327,166085,2024-12-12,2024-03-02 00:00:00,,0,1,2,0,1,0,0
149,Bitcoin Wirral,365.0,0.0000031231,0.0031020256,0.2996174457491388,320199,322.37,1,0.0,0,0,734,156142,2024-03-18,2023-01-20 00:00:00,,0,1,1,0,1,0,1
154,Bitcoin4India - Mumbai,414.67,0.0000002404,0.0064530006,0.3034331261176149,12478447,464.9,3,0.99,1,33,514,162497,2024-09-04,2023-08-28 00:00:00,,0,2,3,0,1,0,2
156,Bitcoiner Malaysia,404.33,0.0000005314,0.0000388812,0.015939278937381403,33871431,462948.08,18,3.96,4,22,542,167232,2025-01-18,2023-07-31 00:00:00,,0,14,18,0,14,4,14
158,Bitcoinessex,408.0,0.0000013430,0.0005097619,0.30148262550624694,1489189,3923.4,2,1.0,1,50,451,163869,2024-10-14,2023-10-30 00:00:00,,0,1,2,0,1,1,2
160,Bitkiwi,380.6,0.0000114969,0.0003022998,0.2933068901192463,434900,16539.87,5,1.0,1,20,443,166184,2024-12-17,2023-11-07 00:00:00,,0,4,5,0,5,2,4
161,BitPlebs Los Angeles,404.58,0.0000026366,0.0021031243,0.34640775591413236,9861224,12362.56,26,13.52,19,52,440,166415,2024-12-24,2023-11-10 00:00:00,,0,17,36,10,15,2,24
170,Boulder Bitcoin,365.0,0.0000060467,0.0103584007,0.29987488013774677,330758,193.08,2,0.0,0,0,599,164917,2024-11-10,2023-06-04 00:00:00,,0,3,3,1,1,0,2
176,Brighton & Hove,352.14,0.0000091027,0.0817184217,0.32389365964598554,769000,85.66,7,5.95,6,85,350,166084,2024-12-12,2024-02-08 00:00:00,,0,1,7,0,6,2,2
181,BTC Gloucestershire,409.75,0.0000087317,0.0024133676,0.30590203606191024,916202,3314.87,8,2.0,2,25,544,163452,2024-10-03,2023-07-29 00:00:00,,0,6,8,0,7,5,7
182,BTC Norte,280.15,0.0000086740,0.0014995314,0.3827729259735243,3689173,21340.0,32,24.0,25,75,253,166443,2024-12-25,2024-05-15 00:00:00,,0,8,33,1,28,1,23
209,Colorado Bitcoin,399.43,0.0000067548,0.0001432000,0.1596188188626685,5773714,272346.28,39,8.97,11,23,509,167047,2025-01-12,2023-09-02 00:00:00,,0,35,46,7,15,2,27
221,De Bitcoin Meetup,325.59,0.0000153201,0.0988450734,0.41752443590864285,2480394,384.44,38,29.26,34,77,314,167124,2025-01-15,2024-03-15 00:00:00,,1,10,44,6,37,9,25
224,Detroit Bitcoin,381.4,0.0000005714,0.0013138274,0.3012471310069605,7000000,3044.54,4,0.8,1,20,447,165757,2024-12-02,2023-11-03 00:00:00,,0,4,5,1,1,0,3
226,Dezentralschweiz,393.29,0.0000610173,0.0127725683,0.973262466063149,8636896,41260.3,527,173.91,193,33,449,167221,2025-01-18,2023-11-01 00:00:00,,4,380,573,46,462,79,224
234,Dubai Citadel,425.5,0.0000022754,0.0013526400,0.3042175123891908,3515813,5914.36,8,2.0,2,25,607,163792,2024-10-12,2023-05-27 00:00:00,,0,6,8,0,5,1,6
235,Dublin Bitcoiners,393.5,0.0000110292,0.0172704115,0.30712778282271747,1450701,926.44,16,1.92,2,12,593,166788,2025-01-05,2023-06-10 00:00:00,,0,14,16,0,15,1,16
236,Durango Bitcoiners,365.0,0.0000539200,0.0348189415,0.2999441665251101,55638,86.16,3,0.0,0,0,751,153554,2024-01-29,2023-01-03 00:00:00,,0,3,3,0,0,0,1
240,Dwadzie≈õcia Jeden Warszawa,290.62,0.0000119322,0.0508996863,0.42909595811956724,3100844,726.92,37,32.19,56,87,280,167308,2025-01-20,2024-04-18 00:00:00,,0,8,64,27,10,0,57
241,Dwadzie≈õcia Jeden Wroc≈Çaw,312.5,0.0000023077,0.0064415004,0.30972062265033123,1300000,465.73,3,2.4899999999999998,10,83,302,166838,2025-01-06,2024-03-27 00:00:00,,0,2,12,9,0,0,11
248,Eenanzwanzeg L√´tzebuerg,446.0,0.0000092966,0.0023101891,0.30628660624388504,645397,2597.19,6,1.98,2,33,608,164899,2024-11-09,2023-05-26 00:00:00,,0,4,6,0,5,1,6
381,Greek Bitcoin Network,347.95,0.0000022047,0.0001006983,0.21494088407556508,10432481,228405.03,23,15.64,30,68,340,167187,2025-01-17,2024-02-18 00:00:00,,1,14,44,21,17,5,30
388,Harlem Bitcoin,176.0,0.0000050748,0.2695417790,0.30402266628144575,197052,3.71,1,1.0,1,100,176,161429,2024-08-02,2024-07-31 00:00:00,,0,0,1,0,1,0,1
389,Hayek-Club Magdeburg,365.0,0.0000042339,0.0029656870,0.2997814938556393,236188,337.19,1,0.0,0,0,532,161649,2024-08-09,2023-08-10 00:00:00,,0,1,1,0,1,1,1
402,Isle of Man,411.83,0.0004876946,0.0093577609,0.316964114565206,84069,4381.39,41,4.92,5,12,749,166211,2024-12-18,2023-01-05 00:00:00,,0,36,41,0,37,34,40
422,Knoxville Bitcoin,365.0,0.0000020878,0.0007346891,0.2991179658850729,478971,1361.12,1,0.0,0,0,728,153563,2024-01-29,2023-01-26 00:00:00,,0,1,1,0,1,0,0
432,Lake District BTC,370.0,0.0000039999,0.0002784104,0.29936992206874696,500012,7183.64,2,1.0,1,50,375,163529,2024-10-05,2024-01-14 00:00:00,,0,1,2,0,2,0,2
436,Leeds Bitcoin Network,400.1,0.0000193687,0.0181573882,0.3036681794456865,516298,550.74,10,1.0,1,10,716,164197,2024-10-22,2023-02-07 00:00:00,,0,9,10,0,5,1,9
442,Lincolnland Bitcoin,372.5,0.0000000000,0.0000000000,0.29851858549667165,194672,2286.06,0,0.0,9,75,375,158419,2024-05-09,2024-01-14 00:00:00,,0,3,12,12,0,0,12
443,Lisbon Bitcoin Maximalists,362.64,0.0000076625,0.2531645570,0.35218910128444453,2871133,86.9,22,12.979999999999999,13,59,361,166310,2024-12-20,2024-01-28 00:00:00,,0,9,22,0,19,8,15
445,London Bitcoin Space,313.91,0.0000077534,0.0430872986,0.4878185644248839,8899375,1601.4,69,46.92,47,68,290,167298,2025-01-20,2024-04-08 00:00:00,,4,22,69,0,62,25,42
461,Bitcoin Maranh√£o,197.92,0.0000018374,0.0000364505,0.11702458001867849,7075181,356647.89,13,11.96,12,92,184,166870,2025-01-07,2024-07-23 00:00:00,,0,1,13,0,11,7,12
463,Mass Adoption,407.81,0.0000021475,0.0005514596,0.30109006097695373,6984723,27200.54,15,4.65,5,31,502,166583,2024-12-30,2023-09-09 00:00:00,,0,11,16,1,5,3,6
469,Melbourne Bitcoin Only,400.69,0.0000054903,0.0030408761,0.32793604964395695,4917750,8879.02,27,8.37,9,31,480,166532,2024-12-28,2023-10-01 00:00:00,,1,20,29,2,17,6,16
475,Mid Michigan Bitcoin,0,0.0000000000,0.0000000000,0.295335727496699,10077331,7197.72,0,0.0,0,0,None,153574,2024-01-29,,,0,0,0,0,0,0,0
496,M√°laga 2140,328.9,0.0000385271,0.0028096309,0.35071333708146724,571026,7830.21,22,13.86,19,63,308,167210,2025-01-17,2024-03-21 00:00:00,,0,11,30,8,13,1,22
502,Nevada County Bitcoin,268.0,0.0000097808,0.0003950648,0.3023847806680094,102241,2531.23,1,1.0,1,100,268,158331,2024-05-07,2024-04-30 00:00:00,,0,0,1,0,1,0,1
503,Newcastle Bitcoin Meetup,0,0.0000000000,0.0000000000,0.29992507583139777,300125,115.62,0,0.0,0,0,None,162813,2024-09-15,,,0,0,0,0,0,0,0
509,The Northamptonshire Bitcoin Network,222.27,0.0000147133,0.0046551980,0.3383169565183484,747622,2362.95,11,9.9,10,90,208,166427,2024-12-24,2024-06-29 00:00:00,,0,1,11,0,10,7,8
510,Northern Bitcoin Collective,365.0,0.0000014749,0.0107909787,0.2999399479094934,678000,92.67,1,0.0,0,0,597,159536,2024-06-05,2023-06-06 00:00:00,,0,1,1,0,0,0,0
515,NZBitcoiners.org,367.35,0.0000174218,0.0000940400,0.09072508768903458,2812569,521054.76,49,22.540000000000003,23,46,370,167426,2025-01-23,2024-01-19 00:00:00,,1,26,49,0,38,9,27
534,Pontevedra 2140,374.38,0.0000603850,0.0008749825,0.3041562846602886,82802,5714.4,5,1.85,3,37,390,166999,2025-01-11,2023-12-30 00:00:00,,0,5,8,3,2,0,4
538,Bitcoin Beach Brazil,257.14,0.0010952357,7.6655052265,0.3841223197520204,20087,2.87,22,20.9,21,95,252,165893,2024-12-06,2024-05-16 00:00:00,,0,1,22,0,22,17,16
547,Redding Bitcoin,365.0,0.0000106825,0.0029033476,0.29980169262823736,93611,344.43,1,0.0,0,0,842,153585,2024-01-29,2022-10-04 00:00:00,,0,1,1,0,1,1,0
555,Rome Bitcoin Forum,388.0,0.0000119755,0.0401702601,0.40390652202728305,4342212,1294.49,52,26.0,29,50,411,166879,2025-01-07,2023-12-09 00:00:00,,0,29,58,6,12,7,33
561,SacTown Bitcoin,320.0,0.0000006309,0.0003892035,0.3025457537542445,1585055,2569.35,1,1.0,1,100,320,165270,2024-11-19,2024-03-09 00:00:00,,0,0,1,0,0,0,0
568,San Diego Bitcoiners,401.11,0.0000024252,0.0006828893,0.3109653777854799,3298634,11714.93,8,4.4,5,55,430,164942,2024-11-11,2023-11-20 00:00:00,,0,4,9,1,5,0,8
574,Satoshi Spritz Faenza,0,0.0000000000,0.0000000000,0.299876725049014,58863,214.11,0,0.0,0,0,None,163279,2024-09-29,,,0,0,0,0,0,0,0
575,Satoshi Spritz Milano,396.78,0.0000106086,0.2543263117,0.38876941843987345,4336121,180.87,46,22.08,26,48,431,166684,2025-01-03,2023-11-19 00:00:00,,0,28,54,8,25,9,31
589,SLC-BTC,416.0,0.0000025311,0.0014354616,0.30278153737684416,1185238,2089.92,3,0.99,1,33,518,165047,2024-11-13,2023-08-24 00:00:00,,0,2,3,0,2,1,3
596,St. Charles,0,0.0000000000,0.0000000000,0.2988273017599916,70493,2036.8,0,0.0,0,0,None,153593,2024-01-29,,,0,0,0,0,0,0,0
598,Suffolk Bitcoin,249.55,0.0000145012,0.0028456199,0.33762256370755694,758556,3865.59,11,9.9,10,90,238,165181,2024-11-17,2024-05-30 00:00:00,,0,1,11,0,10,5,8
617,Tokyo Citadel,343.7,0.0000009337,0.0151437259,0.34444106617581083,40700000,2509.29,38,11.4,12,30,294,167152,2025-01-16,2024-04-04 00:00:00,,26,28,40,2,38,2,12
618,Topeka Bitcoin,0,0.0000000000,0.0000000000,0.29990817855689483,232670,159.48,0,0.0,0,0,None,153596,2024-01-29,,,0,0,0,0,0,0,0
645,Victoria Bitcoin,109.0,0.0000025174,0.0466635558,0.3040127320042848,397237,21.43,1,1.0,1,100,109,163641,2024-10-08,2024-10-06 00:00:00,,0,0,1,0,1,0,1
650,Western Mass Bitcoin,412.0,0.0000024541,0.0002050588,0.29704103306444873,814967,9753.3,2,0.66,1,33,506,166591,2024-12-30,2023-09-05 00:00:00,,0,2,3,1,2,0,3
655,YYC Bitcoin,384.71,0.0000053988,0.0094415333,0.3085283088664592,1481806,847.32,8,2.24,4,28,434,166708,2025-01-03,2023-11-16 00:00:00,,0,10,14,6,1,0,12
45,Bansko Bitcoin,246.5,0.0004508058,0.0083970107,0.3118009445577483,8873,476.36,4,3.0,3,75,207,167290,2025-01-20,2024-06-30 00:00:00,,0,1,4,0,4,3,1
150,Bitcoin Witsand,162.2,0.0818181818,2.6913875598,0.4557605993516113,550,16.72,45,38.7,39,86,131,167188,2025-01-17,2024-09-14 00:00:00,,0,6,45,0,45,5,32
370,Gibraltar,365.0,0.0000917768,0.1976284585,0.2999912600357014,32688,15.18,3,0.0,0,0,824,164002,2024-10-17,2022-10-22 00:00:00,,0,3,3,0,3,3,3
162,Bitshack,419.25,0.0000057324,0.0005921341,0.3155220034962383,11513575,111461.24,66,19.8,22,30,545,167289,2025-01-19,2023-07-28 00:00:00,,14,51,73,7,23,8,9
539,Preston Bitcoin,349.0,0.0000067643,0.0069759330,0.3039425359273888,147835,143.35,1,1.0,1,100,349,161215,2024-07-26,2024-02-09 00:00:00,,0,0,1,0,1,1,1
451,Lugano Plan B,389.37,0.0017269322,0.7577082240,0.4672453656037556,150556,343.14,260,41.6,42,16,517,167196,2025-01-17,2023-08-25 00:00:00,,2,220,262,2,258,11,10
74,Bitcoin Beach,296.13,0.0153333333,44.2307692308,0.4277551369399423,3000,1.04,46,31.74,32,69,266,165908,2024-12-07,2024-05-02 00:00:00,,0,14,46,0,45,6,32
20,AmityAge - Bitcoin Community Roatan,39.0,0.0004000000,0.0526857772,0.47662226308656275,110000,835.14,44,44.0,44,100,39,166417,2024-12-24,2024-12-15 00:00:00,,0,0,44,0,41,1,21
106,Bitcoin Island Philippines,418.47,0.0020898365,7.9000000000,0.34769132714674333,37802,10.0,79,11.85,12,15,717,167109,2025-01-14,2023-02-06 00:00:00,,0,67,79,0,63,1,63
180,BTC Curacao,287.0,0.0005032258,0.1022977652,0.6135164923780412,155000,762.48,78,78.0,79,100,287,166112,2024-12-13,2024-04-11 00:00:00,,0,0,79,1,70,1,54
61,Bit Campina,384.0,0,0.0969171128,0.3117089524479627,,216.68,21,2.9400000000000004,3,14,498,166025,2024-12-11,2023-09-13 00:00:00,,0,18,21,0,21,0,20
713,Bitcoin Farm,334.6,0.0000071861,0.0013240649,0.30470075617061654,556629,3021,4,1.6,2,40,289,167404,2025-01-23,2024-04-09 00:00:00,,0,3,5,1,3,1,4
13,Aix-en-Provence,365.0,0.0000067971,0.0006003698,0.29904099906888865,147122,1665.64,1,0.0,0,0,702,162799,2024-09-14,2023-02-21 00:00:00,,0,1,1,0,1,1,1
19,Amiens,0,0.0000000000,0.0000000000,0.2986690842244681,134167,2311.6,0,0.0,0,0,None,153225,2024-01-29,,,0,0,0,0,0,0,0
23,Annecy,365.0,0.0000075892,0.0007924684,0.29927346599808435,131766,1261.88,1,0.0,0,0,675,158400,2024-05-09,2023-03-20 00:00:00,,0,1,1,0,0,0,0
34,Aurillac,412.33,0.0001167179,0.0015373026,0.302861250687591,25703,1951.47,3,0.99,1,33,507,160813,2024-07-12,2023-09-04 00:00:00,,0,2,3,0,3,2,1
35,Auxerre,53.0,0.0003806624,0.0037628371,0.35033677352583886,34151,3454.84,13,13.0,13,100,53,166519,2024-12-28,2024-12-01 00:00:00,,0,0,13,0,12,12,1
36,Avignon,351.5,0.0000217578,0.0054051132,0.30381202949079084,91921,370.02,2,1.0,1,50,338,164795,2024-11-06,2024-02-20 00:00:00,,0,1,2,0,2,1,2
60,biarritz,0,0.0000084561,0.0852514919,0.2999932463912238,118258,11.73,1,0.0,0,0,None,165147,2024-11-16,,,0,1,1,0,1,0,0
169,Bordeaux,355.14,0.0000268242,0.0045914887,0.31095593370574837,260958,1524.56,7,2.94,3,42,342,167112,2025-01-14,2024-02-16 00:00:00,,0,4,7,0,3,0,2
21,Angers,49.0,0.0000064154,0.0005668581,0.3030093748907254,155876,1764.11,1,1.0,1,100,49,165940,2024-12-08,2024-12-05 00:00:00,,0,0,1,0,1,1,0
175,Brest,0,0.0000000000,0.0000000000,0.2992036556771883,139456,1383.13,0,0.0,0,0,None,160750,2024-07-10,,,0,0,0,0,0,0,0
190,Cannes,7.0,0.0000010606,0.0247954376,0.30400185023055337,942886,40.33,1,1.0,1,100,7,167200,2025-01-17,2025-01-16 00:00:00,,0,0,1,0,1,1,1
201,Clermont-Ferrand,0,0.0000067896,0.0011313625,0.2994910957151605,147283,883.89,1,0.0,0,0,None,166452,2024-12-25,,,0,1,1,0,0,0,0
197,Cholet,0,0.0000000000,0.0000000000,0.2999371160144473,54357,109.22,0,0.0,0,0,None,153294,2024-01-29,,,0,0,0,0,0,0,0
207,Colmar,0,0.0000000000,0.0000000000,0.2999618677315221,68294,66.23,0,0.0,0,0,None,153848,2024-01-29,,,0,0,0,0,0,0,0
210,Compiegne,0,0.0000000000,0.0000000000,0.29926081665581555,40615,1283.85,0,0.0,0,0,None,153297,2024-01-29,,,0,0,0,0,0,0,0
228,Dijon,0,0.0000000000,0.0000000000,0.29838109146148095,159106,2811.8,0,0.0,0,0,None,153304,2024-01-29,,,0,0,0,0,0,0,0
363,Gap,0,0.0000000000,0.0000000000,0.29992237668071586,40000,134.82,0,0.0,0,0,None,153409,2024-01-29,,,0,0,0,0,0,0,0
382,Grenoble,226.0,0.0000190295,0.0006193229,0.30928625301170043,157650,4844.0,3,3.0,3,100,226,164207,2024-10-23,2024-06-11 00:00:00,,0,0,3,0,3,0,3
441,Limoges,40.0,0.0000076574,0.0003403352,0.30233334037949666,130592,2938.28,1,1.0,1,100,40,166161,2024-12-15,2024-12-14 00:00:00,,0,0,1,0,0,0,0
446,Lorient,290.0,0.0000870898,0.0033485805,0.3112155108885501,57412,1493.17,5,3.0,3,60,240,166749,2025-01-04,2024-05-28 00:00:00,,1,2,5,0,4,2,4
458,Magny-les-Hameaux,0,0.0000000000,0.0000000000,0.2999903388273432,9418,16.78,0,0.0,0,0,None,153431,2024-01-29,,,0,0,0,0,0,0,0
462,Marseille,371.4,0.0000045960,0.0167644593,0.3063027375055534,870321,238.6,4,1.6,2,40,381,165562,2024-11-27,2024-01-08 00:00:00,,0,3,5,1,4,1,4
481,Monaco,0,0.0000000000,0.0000000000,0.2999963900147462,38100,6.27,0,0.0,0,0,None,153861,2024-01-29,,,0,0,0,0,0,0,0
483,Montceau-les-Mines,0,0.0000000000,0.0000000000,0.29998593429988046,17239,24.43,0,0.0,0,0,None,153437,2024-01-29,,,0,0,0,0,0,0,0
485,Montpellier,104.0,0.0000133736,0.0035475774,0.315451100467344,299096,1127.53,4,4.0,4,100,104,167403,2025-01-23,2024-10-11 00:00:00,,0,0,4,0,3,2,3
484,Mont√©vrain,390.0,0.0001740240,0.2808988764,0.3039786706685542,17239,10.68,3,0.99,1,33,440,162378,2024-08-31,2023-11-10 00:00:00,,0,2,3,0,2,0,3
456,M√¢con,0,0.0000000000,0.0000000000,0.2999845640024476,34414,26.81,0,0.0,0,0,None,153429,2024-01-29,,,0,0,0,0,0,0,0
714,Ch√¢lon-sur-Sa√¥ne,365.0,0.0000221946,0.0666666667,0.29999136367164175,45056,15,1,0.0,0,0,728,160418,2024-06-30,2023-01-26 00:00:00,,0,1,1,0,1,0,1
498,Nantes,331.43,0.0000222832,0.0035147444,0.31885792021906034,314138,1991.61,7,4.97,5,71,318,161916,2024-08-16,2024-03-11 00:00:00,,0,2,7,0,3,0,3
379,Grand Paris,323.0,0.0000052211,0.0030802531,0.3973333526138731,7086619,12012,37,25.9,28,70,305,167178,2025-01-16,2024-03-24 00:00:00,,1,12,40,3,25,7,35
523,Paris Centre,312.79,0.0000144461,0.2949010654,0.3910268206393857,2145906,105.12,31,22.63,25,73,294,167141,2025-01-15,2024-04-04 00:00:00,,1,9,34,3,20,4,29
454,Lyon,405.36,0.0000098832,0.0043300621,0.3178613076023738,1416545,3233.21,14,4.8999999999999995,5,35,478,165506,2024-11-26,2023-10-03 00:00:00,,0,9,14,0,9,1,12
544,Pyr√©n√©es BTC,365.0,0.0000020714,0.0002038732,0.2971759148692932,482775,4905.01,1,0.0,0,0,552,161053,2024-07-20,2023-07-21 00:00:00,,0,1,1,0,1,1,1
716,Poitiers,0,0.0000000000,0.0000000000,0.29997581828059683,89212,42,0,0.0,0,0,None,160464,2024-07-01,,,0,0,0,0,0,0,0
717,Pontarlier,186.0,0.0000037074,0.0003822630,0.3050377895461005,539465,5232,2,2.0,2,100,186,166828,2025-01-06,2024-07-21 00:00:00,,0,0,2,0,2,2,0
546,Quimper,311.0,0.0000125307,0.0004411953,0.3027200809209323,79804,2266.57,1,1.0,1,100,311,157099,2024-04-10,2024-03-18 00:00:00,,0,0,1,0,1,0,1
549,Reims,0,0.0000000000,0.0000000000,0.29917763729862096,180319,1428.32,0,0.0,0,0,None,153452,2024-01-29,,,0,0,0,0,0,0,0
550,Rennes,390.67,0.0000134841,0.0013288978,0.30268504655887335,222485,2257.51,3,0.99,1,33,442,166827,2025-01-05,2023-11-08 00:00:00,,0,2,3,0,1,0,3
553,Roanne Bitcoin ancien,0,0.0000000000,0.0000000000,0.2989623912081717,33000,1802.17,0,0.0,0,0,None,153455,2024-01-29,,,0,0,0,0,0,0,0
562,Saint Brieuc,284.0,0.0000444444,0.0007296208,0.3064719094455137,45000,2741.15,2,2.0,2,100,284,158606,2024-05-13,2024-04-14 00:00:00,,0,0,2,0,2,1,1
564,Saint-L√¥,0,0.0000000000,0.0000000000,0.29925732757915885,19206,1289.91,0,0.0,0,0,None,153460,2024-01-29,,,0,0,0,0,0,0,0
566,Saint-Malo,400.0,0.0000425577,0.0018525551,0.303403490856579,46995,1079.59,2,1.0,1,50,435,160923,2024-07-16,2023-11-15 00:00:00,,0,1,2,0,2,2,1
597,Strasbourg,356.0,0.0000011722,0.0029825817,0.3038320312272686,853110,335.28,1,1.0,1,100,356,154127,2024-02-03,2024-02-02 00:00:00,,0,0,1,0,1,0,1
621,Tours,0,0.0000000000,0.0000000000,0.2999809137143282,137850,33.15,0,0.0,0,0,None,153476,2024-01-29,,,0,0,0,0,0,0,0
673,Valence,365.0,0.0000075589,0,0.3,132295,,1,0.0,0,0,605,159244,2024-05-28,2023-05-29 00:00:00,,0,1,1,0,1,0,1
642,Versailles,365.0,0.0000444444,0.0551419906,0.2999791173580297,45000,36.27,2,0.0,0,0,622,160466,2024-07-01,2023-05-12 00:00:00,,0,2,2,0,2,0,2
619,Toulouse,288.33,0.0000120481,0.0023657907,0.3144790773263262,498003,2536.15,6,3.96,4,66,250,167137,2025-01-15,2024-05-18 00:00:00,,0,2,6,0,1,0,1
620,Bitcoin Only Tolosa,288.33,0.0000120481,0.0016775756,0.3138800385611875,498003,3576.59,6,3.96,4,66,250,167128,2025-01-15,2024-05-18 00:00:00,,0,2,6,0,1,0,1
174,Breizh Bitcoin,325.0,0.0000060042,0.0010658630,0.36370924092035284,4829968,27208,29,19.720000000000002,20,68,307,166808,2025-01-05,2024-03-22 00:00:00,,1,9,29,0,21,9,19
719,Houilles,0,0.0000000000,0.0000000000,0.2999974494043582,31981,4.43,0,0.0,0,0,None,160694,2024-07-08,,,0,0,0,0,0,0,0
554,Loire,0,0.0000000000,0.0000000000,0.29724673851938327,762222,4782,0,0.0,0,0,None,153456,2024-01-29,,,0,0,0,0,0,0,0
715,Rouen,165.0,0.0000062562,0.0020661157,0.3149856196414899,639363,1936,4,4.0,4,100,165,164813,2024-11-07,2024-08-11 00:00:00,,0,0,4,0,4,1,4
718,Normandie Bitcoin,273.8,0.0000015037,0.0001671905,0.29888174602943424,3325032,29906,5,4.0,4,80,251,164814,2024-11-07,2024-05-17 00:00:00,,0,1,5,0,5,2,5
508,Caen,0,0.0000000000,0.0000000000,0.29908051890745607,393027,1597,0,0.0,0,0,None,153442,2024-01-29,,,0,0,0,0,0,0,0
720,The Core,178.7,0.0000124275,0.0542005420,0.5167164426587242,4828000,1107,60,54.0,54,90,158,167107,2025-01-14,2024-08-18 00:00:00,,24,6,60,0,55,36,52
146,Bitcoin Ubuntu,253.44,0.0009142857,0.0259765562,0.35953841745574266,17500,615.94,16,14.88,15,93,246,167111,2025-01-14,2024-05-22 00:00:00,,0,1,16,0,16,3,9
721,Juneau BTC,0,0.0000000000,0.0000000000,0.29472896092533535,31685,9155,0,0.0,0,0,None,161006,2024-07-18,,,0,0,0,0,0,0,0
722,Rikto Xonghoti,0,0.0000000000,0.0000000000,0.29968736491343057,135256,543,0,0.0,0,0,None,161007,2024-07-18,,,0,0,0,0,0,0,0
723,Operation Bitcoin,365.0,0.0000068045,0.0044052863,0.2998693035641782,146961,227,1,0.0,0,0,763,161008,2024-07-18,2022-12-22 00:00:00,,0,1,1,0,0,0,1
725,Bitcoin Grove,427.4,0.0000203509,0.0625000000,0.31440734482719823,442241,144,9,3.6,4,40,521,166341,2024-12-21,2023-08-21 00:00:00,,0,6,10,1,8,5,5
726,Sovereign Student,0,0.0000000000,0.0000000000,0.29992975786268605,51240,122,0,0.0,0,0,None,161011,2024-07-18,,,0,0,0,0,0,0,0
727,Bitcoin School Argentina,370.5,0.0000016529,0.0051679587,0.3076045063341786,2420052,774,4,2.0,2,50,376,167003,2025-01-11,2024-01-13 00:00:00,,0,2,4,0,1,0,1
728,Bitcoin Ballers Academy,328.33,0.0000183759,0.0322580645,0.3079160942328694,163257,93,3,1.98,2,66,310,165430,2024-11-24,2024-03-19 00:00:00,,0,1,3,0,3,2,2
2,32-Einezw√§nzg Seeland,293.69,0.0001250000,0.0211568569,0.32750084956313413,80000,472.66,10,6.8999999999999995,9,69,262,166391,2024-12-23,2024-05-06 00:00:00,,0,4,13,3,7,1,5
54,Berlin 2140,390.1,0.0000153848,0.0470244852,0.41134782452117835,3769962,1233.4,58,27.84,28,48,417,166912,2025-01-08,2023-12-03 00:00:00,,0,30,58,0,53,10,40
132,Bitcoin Patagonia,0,0.0000000000,0.0000000000,0.29995357109874593,20000,80.64,0,0.0,0,0,None,153275,2024-01-29,,,0,0,0,0,0,0,0
151,Bitcoin y Lightning Guadalajara,387.57,0.0000080258,0.0415886879,0.3065959899247712,1495182,288.54,12,1.6800000000000002,2,14,523,167017,2025-01-12,2023-08-19 00:00:00,,0,12,14,2,11,1,14
159,BitDev Chilangos by Librer√≠a de Satoshi,385.71,0.0000059611,0.0265256128,0.31736808601747657,8555500,1922.67,51,4.59,6,9,579,166651,2025-01-01,2023-06-24 00:00:00,,0,56,62,11,48,0,61
187,Cafeteros Bitcoiners,363.22,0.0000020482,0.0211676051,0.30871915582377807,2441123,236.21,5,2.2,4,44,361,166777,2025-01-05,2024-01-28 00:00:00,,0,5,9,4,3,2,5
212,Crypto Mar del Plata - Argentina,373.25,0.0000067415,0.0119324623,0.3118822066500474,593337,335.22,4,3.0,3,75,376,164167,2024-10-21,2024-01-13 00:00:00,,0,1,4,0,3,0,3
247,Eenanzwanzeg L√´tzebuerg,446.0,0.0000092966,0.0023206882,0.3064810588826502,645397,2585.44,6,1.98,2,33,608,164889,2024-11-09,2023-05-26 00:00:00,,0,4,6,0,5,1,6
251,Einezw√§nzg Solothurn,365.0,0.0001785502,0.4807692308,0.29999640728740296,16802,6.24,3,0.0,0,0,521,166275,2024-12-20,2023-08-21 00:00:00,,0,3,3,0,3,2,2
252,Einundzwanzig Aachen,0,0.0000000000,0.0000000000,0.2999076891649545,249070,160.33,0,0.0,0,0,None,153311,2024-01-29,,,0,0,0,0,0,0,0
253,Einundzwanzig Augsburg,406.14,0.0000236105,0.0476417342,0.3117491113748287,296478,146.93,7,2.94,3,42,461,167033,2025-01-12,2023-10-20 00:00:00,,0,4,7,0,4,0,2
254,Einundzwanzig Balingen,0,0.0000000000,0.0000000000,0.2999480726363578,34604,90.19,0,0.0,0,0,None,153313,2024-01-29,,,0,0,0,0,0,0,0
255,Einundzwanzig Basel,347.0,0.0000345099,0.2493765586,0.31447640090875095,173863,24.06,6,3.5999999999999996,6,60,335,165521,2024-11-26,2024-02-23 00:00:00,,0,4,10,4,4,1,6
256,EINUNDZWANZIG BASEL  - BITCOIN BASEL,347.0,0.0000345099,0.2493765586,0.31447640090875095,173863,24.06,6,3.5999999999999996,6,60,335,165499,2024-11-26,2024-02-23 00:00:00,,0,4,10,4,4,1,6
257,Einundzwanzig Berlin,388.5,0.0000146840,0.0606121830,0.4081639557592711,3677472,890.91,54,27.0,27,50,412,166915,2025-01-08,2023-12-08 00:00:00,,0,27,54,0,49,9,37
258,Einundzwanzig Bitburg,0,0.0000000000,0.0000000000,0.2999728358685371,15700,47.18,0,0.0,0,0,None,153317,2024-01-29,,,0,0,0,0,0,0,0
259,Einundzwanzig Bonn,365.0,0.0000090393,0.0213659996,0.2999191582090143,331885,140.41,3,0.0,0,0,811,160714,2024-07-10,2022-11-04 00:00:00,,0,3,3,0,2,0,3
260,Einundzwanzig Bremen,365.0,0.0000035506,0.0061466593,0.29981266076525237,563290,325.38,2,0.0,0,0,664,162595,2024-09-07,2023-03-31 00:00:00,,0,2,2,0,2,0,2
261,Einundzwanzig Darmstadt,423.75,0.0000250578,0.0327198364,0.30395468436261275,159631,122.25,4,1.0,1,25,600,160715,2024-07-10,2023-06-03 00:00:00,,0,3,4,0,4,1,2
263,Einundzwanzig Dingolfing-Landau,0,0.0000000000,0.0000000000,0.2999745228313431,20191,44.25,0,0.0,0,0,None,153321,2024-01-29,,,0,0,0,0,0,0,0
264,Einundzwanzig Dortmund,0,0.0000000000,0.0000000000,0.29983859278053615,586852,280.34,0,0.0,0,0,None,161411,2024-08-01,,,0,0,0,0,0,0,0
265,Einundzwanzig D√ºsseldorf,404.2,0.0000161426,0.0460108586,0.3159751471145716,619477,217.34,10,4.0,4,40,463,166524,2024-12-28,2023-10-18 00:00:00,,0,6,10,0,9,1,7
266,Einundzwanzig Elbe-Elster,365.0,0.0000099684,0.0005285189,0.2989106250559922,100317,1892.08,1,0.0,0,0,594,159637,2024-06-08,2023-06-09 00:00:00,,0,1,1,0,1,1,1
267,Einundzwanzig Ellwangen,0,0.0000000000,0.0000000000,0.29992645302770093,24600,127.74,0,0.0,0,0,None,153325,2024-01-29,,,0,0,0,0,0,0,0
268,Einundzwanzig Essen,365.0,0.0000017258,0.0047569213,0.29987896473683495,579432,210.22,1,0.0,0,0,785,153326,2024-01-29,2022-11-30 00:00:00,,0,1,1,0,1,0,1
269,Einundzwanzig Franken,422.0,0.0000077450,0.0007482986,0.3230354218420603,4131723,42763.68,32,11.84,12,37,517,167096,2025-01-14,2023-08-25 00:00:00,,0,20,32,0,20,9,20
270,Einundzwanzig Frankfurt am Main,396.33,0.0000118542,0.0361503856,0.3118111191824977,759224,248.96,9,2.97,3,33,459,167407,2025-01-23,2023-10-22 00:00:00,,0,6,9,0,7,0,8
271,Einundzwanzig Freising,300.33,0.0000165614,0.0037506095,0.30750911013776205,181144,799.87,3,1.98,2,66,268,167076,2025-01-13,2024-04-30 00:00:00,,0,1,3,0,3,1,2
272,Einundzwanzig Friedrichshafen,25.0,0.0000162441,0.0143513203,0.3039849518147324,61561,69.68,1,1.0,1,100,25,167417,2025-01-23,2024-12-29 00:00:00,,0,0,1,0,1,0,0
273,Einundzwanzig Fulda,0,0.0000000000,0.0000000000,0.29993996600280554,68462,104.27,0,0.0,0,0,None,153331,2024-01-29,,,0,0,0,0,0,0,0
274,Einundzwanzig Gelnhausen,0,0.0000000000,0.0000000000,0.2999944036592238,23220,9.72,0,0.0,0,0,None,153332,2024-01-29,,,0,0,0,0,0,0,0
275,Einundzwanzig Gran Canaria,143.0,0.0000070133,0.0038091852,0.3232435275490463,855521,1575.14,6,6.0,8,100,143,167274,2025-01-19,2024-09-02 00:00:00,,0,0,8,2,6,2,5
276,Einundzwanzig Hamburg,419.86,0.0000075515,0.0143704707,0.31521736386561916,1853935,974.22,14,3.9200000000000004,4,28,557,166538,2024-12-29,2023-07-16 00:00:00,,0,10,14,0,14,1,12
277,Einundzwanzig Heide,139.0,0.0003937008,0.0369139904,0.3040094732297176,2540,27.09,1,1.0,1,100,139,162596,2024-09-07,2024-09-06 00:00:00,,0,0,1,0,1,0,0
278,Einundzwanzig Heidelberg,365.0,0.0000062796,0.0091424392,0.2999370238936115,159245,109.38,1,0.0,0,0,534,161608,2024-08-07,2023-08-08 00:00:00,,0,1,1,0,1,1,1
279,Einundzwanzig Heilbronn,0,0.0000000000,0.0000000000,0.2999424072049548,125613,100.03,0,0.0,0,0,None,153337,2024-01-29,,,0,0,0,0,0,0,0
280,Einundzwanzig Heinsberg,0,0.0000000000,0.0000000000,0.29994709385247725,42888,91.89,0,0.0,0,0,None,153338,2024-01-29,,,0,0,0,0,0,0,0
281,Einundzwanzig Hennef,365.0,0.0000210970,0.0094446543,0.29993903903689506,47400,105.88,1,0.0,0,0,770,153339,2024-01-29,2022-12-15 00:00:00,,0,1,1,0,1,0,1
282,Einundzwanzig Herrsching,0,0.0000000000,0.0000000000,0.29998785732232824,10843,21.09,0,0.0,0,0,None,153340,2024-01-29,,,0,0,0,0,0,0,0
283,Einundzwanzig Hochtaunuskreis,365.0,0.0000084374,0.0041505832,0.2997225665878189,237041,481.86,2,0.0,0,0,616,158945,2024-05-22,2023-05-18 00:00:00,,0,2,2,0,2,0,2
285,Einundzwanzig Karlsruhe,0,0.0000000000,0.0000000000,0.29989973222776045,306502,174.15,0,0.0,0,0,None,153343,2024-01-29,,,0,0,0,0,0,0,0
286,Einundzwanzig Kassel Bitcoin,0,0.0000000000,0.0000000000,0.2999387338866264,200406,106.41,0,0.0,0,0,None,153344,2024-01-29,,,0,0,0,0,0,0,0
287,Einundzwanzig Kempten,365.0,0.0000144816,0.0157903048,0.29996353742167137,69053,63.33,1,0.0,0,0,867,153345,2024-01-29,2022-09-09 00:00:00,,0,1,1,0,1,0,0
288,Einundzwanzig Klagenfurt,411.67,0.0000292346,0.0250000000,0.30790054884182455,102618,120.0,3,1.98,2,66,435,159095,2024-05-25,2023-11-15 00:00:00,,0,1,3,0,3,0,2
289,Einundzwanzig Koblenz,96.0,0.0000087999,0.0093870271,0.30396373523473225,113638,106.53,1,1.0,1,100,96,164125,2024-10-20,2024-10-19 00:00:00,,0,0,1,0,1,0,1
290,Einundzwanzig K√∂ln,410.79,0.0000177058,0.0470669837,0.31965142709856165,1073096,403.68,19,4.94,5,26,539,166469,2024-12-25,2023-08-03 00:00:00,,0,14,19,0,12,4,15
291,Einundzwanzig Konstanz,191.0,0.0000118014,0.0185288123,0.3039939969292996,84736,53.97,1,1.0,1,100,191,160928,2024-07-17,2024-07-16 00:00:00,,0,0,1,0,1,1,1
292,Einundzwanzig Liechtenstein,352.6,0.0001291990,0.0311041991,0.3079575882252259,38700,160.75,5,2.0,2,40,334,164688,2024-11-03,2024-02-24 00:00:00,,0,3,5,0,3,3,4
294,Einundzwanzig Linz,123.0,0.0000144755,0.0312760634,0.312019984875123,207247,95.92,3,3.0,6,100,123,167354,2025-01-21,2024-09-22 00:00:00,,0,0,6,3,5,1,5
295,Einundzwanzig L√ºbeck,365.0,0.0000231185,0.0234774851,0.2998773814099693,216277,212.97,5,0.0,0,0,660,163375,2024-10-02,2023-04-04 00:00:00,,0,5,5,0,5,2,3
296,Einundzwanzig Mainz,365.0,0.0000045965,0.0102343670,0.2999437429570742,217556,97.71,1,0.0,0,0,811,155025,2024-02-21,2022-11-04 00:00:00,,0,1,1,0,1,0,1
297,Einundzwanzig Mannheim,365.0,0.0000064137,0.0137883488,0.2999164867047755,311831,145.05,2,0.0,0,0,724,166709,2025-01-03,2023-01-30 00:00:00,,0,2,2,0,1,1,1
298,EINUNDZWANZIG Mannheim,365.0,0.0000064137,0.0137883488,0.2999164867047755,311831,145.05,2,0.0,0,0,724,166714,2025-01-03,2023-01-30 00:00:00,,0,2,2,0,1,1,1
299,Einundzwanzig Mecklenburg-Vorpommern,400.43,0.0000043447,0.0002264258,0.29008955016247506,1611160,30915.2,7,1.9600000000000002,2,28,489,167342,2025-01-21,2023-09-22 00:00:00,,0,5,7,0,6,3,5
300,Einundzwanzig Meetup Pf√§ffikon SZ,0,0.0000000000,0.0000000000,0.2999880300488954,16615,20.79,0,0.0,0,0,None,153357,2024-01-29,,,0,0,0,0,0,0,0
301,Einundzwanzig Memmingen,0,0.0000000000,0.0000000000,0.2999598295580296,44721,69.77,0,0.0,0,0,None,153358,2024-01-29,,,0,0,0,0,0,0,0
302,Einundzwanzig M√ºnster,365.0,0.0000062950,0.0066019674,0.29982558071247634,317713,302.94,2,0.0,0,0,722,154062,2024-02-02,2023-02-01 00:00:00,,0,2,2,0,0,0,2
303,Einundzwanzig Nordburgenland,372.0,0.0000235228,0.0017662540,0.31180591918981665,297583,3963.19,7,3.5,4,50,379,166410,2024-12-24,2024-01-10 00:00:00,,0,4,8,1,5,0,5
304,Einundzwanzig Norddeutschland,365.0,0.0000410500,0.1081293620,0.29988285684214844,535932,203.46,22,0.0,0,0,721,167286,2025-01-19,2023-02-02 00:00:00,,0,22,22,0,2,0,20
305,Einundzwanzig Nordfriesland,365.0,0.0000060420,0.0004814613,0.29880415064243915,165507,2077.01,1,0.0,0,0,659,158499,2024-05-11,2023-04-05 00:00:00,,0,1,1,0,0,0,1
306,Einundzwanzig Nordhausen,365.0,0.0000246530,0.0092489826,0.29993774934519357,40563,108.12,1,0.0,0,0,823,153363,2024-01-29,2022-10-23 00:00:00,,0,1,1,0,1,0,1
307,Einundzwanzig Oelde,165.0,0.0000181781,0.0250794182,0.31200633947631695,165034,119.62,3,3.0,3,100,165,166368,2024-12-22,2024-08-11 00:00:00,,0,0,3,0,1,1,2
308,Einundzwanzig Oldenburg,451.0,0.0000117378,0.0193330111,0.3039655085608218,170389,103.45,2,1.0,1,50,537,156589,2024-03-29,2023-08-05 00:00:00,,0,1,2,0,2,1,1
309,Einundzwanzig Osnabr√ºck,165.0,0.0000181781,0.0250794182,0.31200633947631695,165034,119.62,3,3.0,3,100,165,166355,2024-12-22,2024-08-11 00:00:00,,0,0,3,0,1,1,2
310,Einundzwanzig Ost-Brandenburg,365.0,0.0000020000,0.0002230410,0.29741861296881733,500000,4483.48,1,0.0,0,0,811,153367,2024-01-29,2022-11-04 00:00:00,,0,1,1,0,0,0,1
311,Einundzwanzig Ostfriesland,0,0.0000000000,0.0000000000,0.2981859161981362,465170,3150.79,0,0.0,0,0,None,153368,2024-01-29,,,0,0,0,0,0,0,0
312,Einundzwanzig Ostwestfalen-Lippe,409.0,0.0000058324,0.0018469608,0.3121985051269665,2057480,6497.16,12,3.96,4,33,497,166815,2025-01-05,2023-09-14 00:00:00,,0,8,12,0,6,2,9
313,Einundzwanzig Passau,0,0.0000000000,0.0000000000,0.2999599562241788,53093,69.55,0,0.0,0,0,None,153370,2024-01-29,,,0,0,0,0,0,0,0
314,Einundzwanzig Pfarrkirchen,0,0.0000000000,0.0000000000,0.2999698937593431,13073,52.29,0,0.0,0,0,None,153371,2024-01-29,,,0,0,0,0,0,0,0
315,Einundzwanzig Pfarrkirchen (Rottal-Inn),0,0.0000000000,0.0000000000,0.2999698937593431,13073,52.29,0,0.0,0,0,None,153372,2024-01-29,,,0,0,0,0,0,0,0
317,Einundzwanzig Potsdam,348.0,0.0000054599,0.0053041956,0.3039165233063737,183154,188.53,1,1.0,1,100,348,154532,2024-02-11,2024-02-10 00:00:00,,0,0,1,0,1,0,1
318,Einundzwanzig Recklinghausen,365.0,0.0000048956,0.0039557484,0.29956335299575804,612801,758.39,3,0.0,0,0,709,160023,2024-06-19,2023-02-14 00:00:00,,0,3,3,0,3,0,2
319,Einundzwanzig Regensburg,365.0,0.0000065129,0.0006810922,0.2991546589076357,153542,1468.23,1,0.0,0,0,821,153376,2024-01-29,2022-10-25 00:00:00,,0,1,1,0,1,1,0
320,Einundzwanzig Rheinhessen,444.0,0.0000030993,0.0016065289,0.3033083012454141,645307,1244.92,2,1.0,1,50,523,159464,2024-06-03,2023-08-19 00:00:00,,0,1,2,0,2,0,1
321,Einundzwanzig Ried i.I.,0,0.0000000000,0.0000000000,0.2999961021371343,12432,6.77,0,0.0,0,0,None,153378,2024-01-29,,,0,0,0,0,0,0,0
322,Einundzwanzig Rosenheim,365.0,0.0000314921,0.0538358008,0.2999786106934327,63508,37.15,2,0.0,0,0,722,154067,2024-02-02,2023-02-01 00:00:00,,0,2,2,0,1,0,2
323,Einundzwanzig Rostock,369.5,0.0000191939,0.0220689655,0.3039207148044036,208400,181.25,4,1.0,1,25,383,167367,2025-01-21,2024-01-06 00:00:00,,0,3,4,0,3,2,2
324,Einundzwanzig Saarland,300.0,0.0000010180,0.0003895856,0.30254720465740864,982348,2566.83,1,1.0,1,100,300,156632,2024-03-30,2024-03-29 00:00:00,,0,0,1,0,1,1,0
325,Einundzwanzig Saarland Stammtisch St. Wendel,300.0,0.0000394680,0.0088300221,0.3039598661596277,25337,113.25,1,1.0,1,100,300,156633,2024-03-30,2024-03-29 00:00:00,,0,0,1,0,1,1,0
326,Einundzwanzig Saarlouis,0,0.0000000000,0.0000000000,0.29997493161755207,34445,43.54,0,0.0,0,0,None,153383,2024-01-29,,,0,0,0,0,0,0,0
327,Einundzwanzig Sachsen,408.09,0.0000086569,0.0019006668,0.3415223657933928,4043002,18414.59,35,12.95,13,37,481,167337,2025-01-21,2023-09-30 00:00:00,,0,22,35,0,19,3,27
328,Einundzwanzig Sachsen-Anhalt,417.73,0.0000050709,0.0005345429,0.3040911979410577,2169253,20578.33,11,3.96,4,36,510,167307,2025-01-20,2023-09-01 00:00:00,,0,7,11,0,9,5,8
329,Einundzwanzig Salzburg,320.5,0.0000386061,0.0913381032,0.31203738995554103,155416,65.69,6,3.0,4,50,276,167370,2025-01-22,2024-04-22 00:00:00,,0,4,8,2,8,3,6
330,Einundzwanzig Sauerland,0,0.0000000000,0.0000000000,0.29761040279144557,882505,4150.37,0,0.0,0,0,None,153387,2024-01-29,,,0,0,0,0,0,0,0
331,Einundzwanzig Schweiz,393.39,0.0000604203,0.0127892539,0.9762301413386953,8738791,41284.66,528,174.24,194,33,449,167248,2025-01-18,2023-11-01 00:00:00,,4,380,574,46,463,80,224
332,Einundzwanzig Siegen,0,0.0000000000,0.0000000000,0.29993415087504427,101516,114.37,0,0.0,0,0,None,153389,2024-01-29,,,0,0,0,0,0,0,0
333,Einundzwanzig Sigmaringen,0,0.0000000000,0.0000000000,0.2999461611290145,17263,93.51,0,0.0,0,0,None,153390,2024-01-29,,,0,0,0,0,0,0,0
334,Einundzwanzig Solingen,0,0.0000000000,0.0000000000,0.2999485620282981,158957,89.34,0,0.0,0,0,None,153391,2024-01-29,,,0,0,0,0,0,0,0
335,Einundzwanzig Stuttgart,399.8,0.0000159674,0.0484097400,0.3079159606419329,626275,206.57,10,2.0,2,20,539,165215,2024-11-18,2023-08-03 00:00:00,,0,8,10,0,8,1,9
337,Einundzwanzig S√ºdtirol,403.55,0.0000206736,0.0014843783,0.31164245106494093,532080,7410.51,11,3.96,4,36,471,166735,2025-01-04,2023-10-10 00:00:00,,0,7,11,0,2,0,4
338,Einundzwanzig Th√ºringen,401.94,0.0000080612,0.0010511047,0.29820067217933566,2108863,16173.46,17,1.87,2,11,679,166770,2025-01-04,2023-03-16 00:00:00,,0,15,17,0,8,4,13
339,Einundzwanzig Thurgau,387.0,0.0000314725,0.0090918275,0.3138928698212319,285964,989.9,9,3.6,4,40,420,166374,2024-12-22,2023-11-30 00:00:00,,0,6,10,1,7,3,6
340,Einundzwanzig Tirol,372.8,0.0000143377,0.0020577467,0.3553974054188162,1813400,12635.18,26,15.6,18,60,378,165886,2024-12-06,2024-01-11 00:00:00,,0,12,30,4,21,8,24
341,Einundzwanzig Trier,260.0,0.0000180881,0.0170590242,0.30796739285608254,110570,117.24,2,2.0,2,100,260,159532,2024-06-05,2024-05-08 00:00:00,,0,0,2,0,2,0,1
342,Einundzwanzig Unterfranken,406.0,0.0000045437,0.0007046769,0.30305225457057,1320513,8514.54,6,1.98,2,33,488,165769,2024-12-03,2023-09-23 00:00:00,,0,4,6,0,5,3,5
343,Einundzwanzig Vorarlberg,423.67,0.0000174271,0.0026770997,0.30777483554354595,401674,2614.77,7,2.31,3,33,541,162864,2024-09-16,2023-08-01 00:00:00,,0,6,9,2,6,2,8
344,Einundzwanzig Vreden,365.0,0.0000410500,0.1081293620,0.29988285684214844,535932,203.46,22,0.0,0,0,721,167284,2025-01-19,2023-02-02 00:00:00,,0,22,22,0,2,0,20
345,Einundzwanzig Vulkaneifel,408.5,0.0000323965,0.0016391427,0.30331493946284244,61735,1220.15,2,1.0,1,50,452,161225,2024-07-26,2023-10-29 00:00:00,,0,1,2,0,2,2,2
346,Einundzwanzig Wacken,0,0.0000000000,0.0000000000,0.29999586031994024,1990,7.19,0,0.0,0,0,None,153403,2024-01-29,,,0,0,0,0,0,0,0
347,Einundzwanzig Westm√ºnsterland,0,0.0000000000,0.0000000000,0.2999219966822681,22758,135.48,0,0.0,0,0,None,153404,2024-01-29,,,0,0,0,0,0,0,0
348,Einundzwanzig Wien,392.33,0.0000129427,0.0602976291,0.3580142705159732,1931593,414.61,25,14.499999999999998,25,58,412,166810,2025-01-05,2023-12-08 00:00:00,,0,18,43,18,27,5,40
349,Einundzwanzig Wiesbaden,272.33,0.0000107546,0.0147210364,0.30385993957019725,278950,203.79,3,0.99,1,33,87,164439,2024-10-29,2024-10-28 00:00:00,,0,2,3,0,1,0,2
431,La cherada bitcoiner,227.17,0.0008796280,0.4492726938,0.677242643567944,138695,271.55,122,93.94,95,77,188,166998,2025-01-11,2024-07-19 00:00:00,,0,27,122,0,110,3,91
464,MayasBitcoiners,365.0,0.0000328861,0.0010384108,0.29944554196184675,30408,963.01,1,0.0,0,0,668,156465,2024-03-26,2023-03-27 00:00:00,,0,1,1,0,1,0,1
474,Mi Primer Bitcoin,228.9,0.0006957925,2.2074438359,0.999896974360238,567698,178.94,395,319.95000000000005,326,81,198,167399,2025-01-23,2024-07-09 00:00:00,,1,74,400,5,350,10,280
501,Neuch√¢tel,400.56,0.0001571939,0.0087219806,0.3062764690288573,44531,802.57,7,3.08,4,44,445,167055,2025-01-13,2023-11-05 00:00:00,,0,5,9,2,5,1,7
548,Reichenbach an der Fils,399.8,0.0000159674,0.0484097400,0.30425674994398033,626275,206.57,10,2.0,2,20,539,165232,2024-11-18,2023-08-03 00:00:00,,0,8,10,0,8,1,9
612,Tjugoett Stockholm,365.0,0.0000010529,0.0046191510,0.29987535475158117,949761,216.49,1,0.0,0,0,465,163939,2024-10-15,2023-10-16 00:00:00,,0,1,1,0,1,0,1
658,Zoolook ,0,0.0000000000,0.0000000000,0.2999480726363578,34604,90.19,0,0.0,0,0,None,153483,2024-01-29,,,0,0,0,0,0,0,0
661,Portland Bitcoin Group,291.0,0.0000004752,0.0026295722,0.30196888789619797,2104238,380.29,1,1.0,2,100,291,157670,2024-04-20,2024-04-07 00:00:00,,0,0,2,1,0,0,0
663,Horizonte Bitcoin,205.5,0,0.0651100541,0.37135535819463306,,552.91,36,32.76,33,91,191,167349,2025-01-21,2024-07-16 00:00:00,,1,3,36,0,28,4,32
293,Einundzwanzig Limburg,365.0,0.0000279462,0.0226039783,0.29997452858889534,35783,44.24,1,0.0,0,0,854,153843,2024-01-29,2022-09-22 00:00:00,,0,1,1,0,1,1,1
208,ColomBia P2P,386.0,0.0000009779,0.0111699083,0.309739224536443,8181047,716.21,8,4.64,7,58,401,162565,2024-09-06,2023-12-19 00:00:00,,0,5,12,4,4,1,6
665,Enogtyve K√∏benhavn,155.0,0.0000004682,0.0045454545,0.3020611757010344,2135634,220,1,1.0,1,100,155,163168,2024-09-26,2024-08-21 00:00:00,,0,0,1,0,1,0,1
667,Enogtyve Odense,0,0.0000000000,0.0000000000,0.2997242132477592,207762,479,0,0.0,0,0,None,153854,2024-01-29,,,0,0,0,0,0,0,0
670,Enogtyve Sams√∏,0,0.0000000000,0.0000000000,0.29985490968358103,3724,252,0,0.0,0,0,None,153855,2024-01-29,,,0,0,0,0,0,0,0
668,Enogtyve √Ölborg ,0,0.0000000000,0.0000000000,0.29934594206566695,222571,1136,0,0.0,0,0,None,153856,2024-01-29,,,0,0,0,0,0,0,0
666,Enogtyve √Örhus,0,0.0000000000,0.0000000000,0.2995929410567135,361544,707,0,0.0,0,0,None,153857,2024-01-29,,,0,0,0,0,0,0,0
681,Bitcoin Safari Tz,318.85,0.0000024147,0.0047741462,0.3157818043981545,5383728,2723,13,7.93,8,61,290,166873,2025-01-07,2024-04-08 00:00:00,,0,5,13,0,12,0,13
195,Chalchuapa Bitcoin,145.0,0.0003511710,0.1391788448,0.34767490917694016,74038,186.81,26,21.84,22,84,105,166986,2025-01-11,2024-10-10 00:00:00,,0,4,26,0,24,1,23
687,Bitcoin Eindhoven,134.0,0.0000051242,0.0300751880,0.30867479195637976,780611,133,4,4.0,5,100,134,164777,2024-11-06,2024-09-11 00:00:00,,0,0,5,1,4,1,2
688,Bitcoin Harbour,365.0,0.0000011653,0.0007898894,0.2992710938865619,858118,1266,1,0.0,0,0,797,156496,2024-03-26,2022-11-18 00:00:00,,0,1,1,0,0,0,0
689,Bitcoin Bali,334.08,0.0000029923,0.0005806163,0.30019213480194995,4344554,22390,13,5.98,6,46,298,166923,2025-01-08,2024-03-31 00:00:00,,0,7,13,0,1,0,1
692,Bitcoin Uluwatu,0,0.0000000000,0.0000000000,0.2999234245552233,260000,133,0,0.0,0,0,None,156951,2024-04-06,,,0,0,0,0,0,0,0
693,Bitcoin Pererenan,16.0,0.0002500000,0.2500000000,0.30218553882939353,4000,4,1,1.0,1,100,16,166906,2025-01-08,2025-01-07 00:00:00,,0,0,1,0,0,0,0
691,Bitcoin Ubud,329.5,0.0000267380,0.0454545455,0.30216250862043814,74800,44,2,1.0,1,50,294,166917,2025-01-08,2024-04-04 00:00:00,,0,1,2,0,0,0,0
694,Bitcoin Pekanbaru,0,0.0000000000,0.0000000000,0.29948527482984705,1007540,894,0,0.0,0,0,None,156953,2024-04-06,,,0,0,0,0,0,0,0
695,Bitcoin Bandung,0,0.0000000000,0.0000000000,0.29980942502089414,8872957,331,0,0.0,0,0,None,156954,2024-04-06,,,0,0,0,0,0,0,0
696,Bitcoin Palembang,0,0.0000000000,0.0000000000,0.2996413044955198,2706835,623,0,0.0,0,0,None,156955,2024-04-06,,,0,0,0,0,0,0,0
697,Bitcoin Surabaya,0,0.0000000000,0.0000000000,0.2996810316059678,9924509,554,0,0.0,0,0,None,156956,2024-04-06,,,0,0,0,0,0,0,0
698,Bitcoin Batam,0,0.0000000000,0.0000000000,0.2980228565611798,1269820,3434,0,0.0,0,0,None,156957,2024-04-06,,,0,0,0,0,0,0,0
699,Bitcoin Aceh,365.0,0.0000001814,0.0000071476,0.2194472381367363,5512219,139908,1,0.0,0,0,721,156958,2024-04-06,2023-02-02 00:00:00,,0,1,1,0,1,0,1
700,Bitcoin Jakarta,365.0,0.0000000307,0.0001326084,0.29565822985668533,32594159,7541,1,0.0,0,0,720,156959,2024-04-06,2023-02-03 00:00:00,,0,1,1,0,1,0,1
701,Bitcoin Natuna Islands,339.0,0.0000117033,0.0004133940,0.30079508996371196,85446,2419,1,1.0,1,100,339,156960,2024-04-06,2024-02-19 00:00:00,,0,0,1,0,1,0,0
702,Bitcoin Medan,0,0.0000000000,0.0000000000,0.29966894074626627,4744323,575,0,0.0,0,0,None,156961,2024-04-06,,,0,0,0,0,0,0,0
690,Bitcoin Canggu,225.0,0.0001200000,0.3333333333,0.30865349013311494,50000,18,6,3.96,4,66,155,166924,2025-01-08,2024-08-21 00:00:00,,0,2,6,0,0,0,0
703,Simply Sow,319.0,0.0002362205,0.3529411765,0.31311726326292855,25400,17,6,6.0,6,100,319,158672,2024-05-14,2024-03-10 00:00:00,,0,0,6,0,5,0,4
705,B is for Bosa,0,0.0000000000,0.0000000000,0.29984800062089445,8126,264,0,0.0,0,0,None,158541,2024-05-11,,,0,0,0,0,0,0,0
706,Bitcoin Sedgefield,221.0,0.0015689114,0.1940298507,0.3261280129294575,8286,67,13,11.96,12,92,209,166398,2024-12-24,2024-06-28 00:00:00,,0,1,13,0,13,0,2
708,Bitcanario Gran Canaria,156.0,0.0000081122,0.0039215686,0.3142871698773895,862893,1785,7,7.0,9,100,156,167281,2025-01-19,2024-08-20 00:00:00,,0,0,9,2,7,2,5
709,Bitcoin Friesland,49.0,0.0000197104,0.0020161290,0.3247294743701497,659551,6448,13,13.0,13,100,49,167406,2025-01-23,2024-12-05 00:00:00,,0,0,13,0,13,0,7
710,Bitcoin Forte,232.0,0.0035671819,0.0980392157,0.3654590744101645,8410,306,30,30.0,30,100,232,164703,2024-11-04,2024-06-05 00:00:00,,0,0,30,0,30,30,29
711,Plano B Serra Ga√∫cha,384.86,0.0003250371,0.0178571429,0.30191838896552053,21536,392,7,0.9800000000000001,1,14,504,166947,2025-01-09,2023-09-07 00:00:00,,0,6,7,0,7,1,3
707,Bitcoin Victoria Falls,196.0,0.0000016750,0.0000392334,0.2500508193052135,2388093,101954,4,4.0,4,100,196,162599,2024-09-07,2024-07-11 00:00:00,,0,0,4,0,4,1,3
15,Albany Bitcoin Group,365.0,0.0000031761,0.0005858128,0.2990171685601721,314848,1707.03,1,0.0,0,0,444,164733,2024-11-05,2023-11-06 00:00:00,,0,1,1,0,0,0,1
22,Ann Arbor Bitcoin,0,0.0000000000,0.0000000000,0.2989221171302609,372258,1872.12,0,0.0,0,0,None,154171,2024-02-04,,,0,0,0,0,0,0,0
52,Bitcoin Benin,0,0.0000000000,0.0000000000,0.2997207702315204,2000000,484.98,0,0.0,0,0,None,153236,2024-01-29,,,0,0,0,0,0,0,0
66,Bitcoin Alps,392.5,0.0000457310,0.0903342367,0.30217509462963227,43734,22.14,2,1.0,1,50,420,164400,2024-10-27,2023-11-30 00:00:00,,0,1,2,0,2,1,2
75,Bitcoin Beach Dominican,212.27,0.0003000000,0.0014753324,0.3142092278799733,30000,6100.32,9,8.1,10,90,197,165551,2024-11-27,2024-07-10 00:00:00,,0,1,11,2,11,0,11
76,Bitcoin Beach Yucatan,400.0,0.0000058285,0.0162364020,0.30189585966360993,1201000,431.13,7,0.9800000000000001,1,14,610,161748,2024-08-11,2023-05-24 00:00:00,,0,6,7,0,7,1,6
78,Bitcoin Birr,365.0,0.0000100000,0.0037005514,0.29968882733169927,200000,540.46,2,0.0,0,0,685,161056,2024-07-21,2023-03-10 00:00:00,,0,2,2,0,1,1,2
81,Bitcoin Brunch NH,0,0.0000000000,0.0000000000,0.29993854388740254,30089,106.74,0,0.0,0,0,None,153248,2024-01-29,,,0,0,0,0,0,0,0
85,Bitcoin Ciudadela,365.0,0.0000030665,0.0002303492,0.25750869447963587,5543828,73800.99,17,0.0,0,0,679,160144,2024-06-23,2023-03-16 00:00:00,,0,17,17,0,14,0,12
88,Bitcoin Corsica,0,0.0000000000,0.0000000000,0.29199935722686804,351255,13895.91,0,0.0,0,0,None,153253,2024-01-29,,,0,0,0,0,0,0,0
93,Bitcoin Derby,365.0,0.0000471698,0.0128353228,0.2999551429105071,21200,77.91,1,0.0,0,0,719,154224,2024-02-05,2023-02-04 00:00:00,,0,1,1,0,1,1,1
96,Bitcoin Dua Community,365.0,0.0000200000,0.0125328989,0.299816241962745,200000,319.16,4,0.0,0,0,643,163445,2024-10-03,2023-04-21 00:00:00,,0,4,4,0,4,1,3
103,Bitcoin Hideaway,365.0,0.0000360794,0.0011563412,0.2985062664047057,83150,2594.39,3,0.0,0,0,689,158277,2024-05-06,2023-03-06 00:00:00,,0,3,3,0,3,1,3
104,Bitcoin Ibiza,397.73,0.0000608462,0.0105465454,0.3101415849145508,147914,853.36,9,4.86,6,54,425,163548,2024-10-05,2023-11-25 00:00:00,,0,5,11,2,5,0,10
113,Bitcoin Kampala Uganda,188.11,0.0000000805,0.0457596095,0.3172144679168561,111859928,196.68,9,7.92,8,88,166,162777,2024-09-13,2024-08-10 00:00:00,,0,1,9,0,9,4,6
118,Bitcoin Mallorca,294.5,0.0000156243,0.0027475385,0.3200385959573877,896038,5095.47,14,10.5,15,75,271,165973,2024-12-09,2024-04-27 00:00:00,,0,5,20,6,13,5,17
119,Bitcoin Managua,340.0,0.0000014269,0.0045648552,0.3019355862140484,1401687,438.13,2,1.0,1,50,315,165767,2024-12-03,2024-03-14 00:00:00,,0,1,2,0,1,1,2
121,Bitcoin MaxiMex Club,385.71,0.0000023390,0.0265256128,0.3089352067965206,21804515,1922.67,51,4.59,6,9,579,166638,2025-01-01,2023-06-24 00:00:00,,0,56,62,11,48,0,61
128,‚ÇøTC-MI Traverse City,365.0,0.0000065169,0.0256805342,0.29997758009158193,153448,38.94,1,0.0,0,0,493,162895,2024-09-17,2023-09-18 00:00:00,,0,1,1,0,1,0,1
131,Bitcoin Park,370.33,0.0000015079,0.0017249508,0.30333058489329656,1989519,1739.18,3,1.98,2,66,373,161341,2024-07-30,2024-01-16 00:00:00,,0,1,3,0,3,2,1
138,Bitcoin Salvabourg,446.0,0.0000092966,0.0023137615,0.30283888993209906,645397,2593.18,6,1.98,2,33,608,164872,2024-11-09,2023-05-26 00:00:00,,0,4,6,0,5,1,6
152,Bitcoin For Fairness Zambia,137.0,0.0000000089,0.0000443667,0.28921064152685283,111859928,22539.44,1,1.0,1,100,137,162656,2024-09-09,2024-09-08 00:00:00,,0,0,1,0,1,0,1
157,Bitcoiners in Minneapolis,0,0.0000000000,0.0000000000,0.29988363986925287,3690512,202.1,0,0.0,0,0,None,155491,2024-03-02,,,0,0,0,0,0,0,0
172,Bozeman Bitcoin,365.0,0.0000084062,0.0093431748,0.2999383769183876,118960,107.03,1,0.0,0,0,550,161086,2024-07-22,2023-07-23 00:00:00,,0,1,1,0,0,0,1
189,Cambridgeshire Bitcoin,380.5,0.0000070379,0.0019695314,0.3048095390792726,852523,3046.41,6,3.0,3,50,396,165728,2024-12-02,2023-12-24 00:00:00,,0,3,6,0,4,2,5
206,Coding with Bitcoin,0,0.0000000000,0.0000000000,0.2989208389536639,160366,1874.34,0,0.0,0,0,None,153296,2024-01-29,,,0,0,0,0,0,0,0
223,Denver BitDevs,395.55,0.0000033740,0.0168160492,0.30359573097153286,2963821,594.67,10,1.7999999999999998,2,18,533,166508,2024-12-28,2023-08-09 00:00:00,,0,9,11,1,5,0,6
225,Detroit Bitcoin and Beer,0,0.0000000000,0.0000000000,0.2997140223802965,4365205,496.7,0,0.0,0,0,None,156769,2024-04-03,,,0,0,0,0,0,0,0
227,Digi Oats,0,0.0000000000,0.0000000000,0.2999997063648358,111859928,0.51,0,0.0,0,0,None,153303,2024-01-29,,,0,0,0,0,0,0,0
239,Dwadzie≈õcia Jeden Pozna≈Ñ,401.64,0.0000116616,0.0338457199,0.31528578628541853,1029021,354.55,12,7.08,13,59,427,163919,2024-10-15,2023-11-23 00:00:00,,0,9,22,10,6,1,22
244,EasySats,262.6,0.0000019606,0.0000058088,0.008751367401156429,2550226,860756.75,5,4.0,4,80,237,164110,2024-10-20,2024-05-31 00:00:00,,0,1,5,0,4,0,5
350,El Barrio Bitcoin,374.72,0.0034000000,16.8316831683,0.3100418420769991,5000,1.01,17,4.59,5,27,400,166779,2025-01-05,2023-12-20 00:00:00,,0,13,18,1,16,0,1
353,Escuelita Bitcoin,395.0,0.0000030807,0.0073883437,0.3040488887113883,1947604,812.09,6,1.98,2,33,455,162387,2024-08-31,2023-10-26 00:00:00,,0,4,6,0,6,0,4
373,Glasgow Bitcoin,232.0,0.0000005373,0.0030763551,0.30207454851857835,1861315,325.06,1,1.0,1,100,232,159570,2024-06-06,2024-06-05 00:00:00,,0,0,1,0,1,0,1
380,Grand Rapids Bitcoin,239.0,0.0000000000,0.0000000000,0.29991059146501026,1077370,256.53,0,0.0,1,100,239,159306,2024-05-30,2024-05-29 00:00:00,,0,0,1,1,0,0,0
430,La Antigua Bitcoin,365.44,0.0005211274,0.1319623907,0.32304022269288846,46054,181.87,24,10.56,11,44,366,167279,2025-01-19,2024-01-23 00:00:00,,2,14,25,1,23,0,9
440,Lima - Orange Pill Per√∫,239.0,0.0000004431,0.0013418676,0.30756208248649086,11283787,3726.15,5,4.050000000000001,9,81,211,166537,2024-12-29,2024-06-26 00:00:00,,0,2,11,6,4,1,9
457,Magic City Bitcoin,0,0.0000000000,0.0000000000,0.29992079295340984,187037,227.26,0,0.0,0,0,None,157480,2024-04-17,,,0,0,0,0,0,0,0
516,Oeste Bitcoin Maxi MeetUp,275.0,0.0000358581,0.0052951863,0.3207602141357824,362540,2455.06,13,9.88,10,76,248,166070,2024-12-12,2024-05-20 00:00:00,,0,3,13,0,10,5,7
519,Ox‚Çøit,328.33,0.0000122951,0.0392054365,0.304305257307975,244000,76.52,3,1.98,2,66,310,165418,2024-11-24,2024-03-19 00:00:00,,0,1,3,0,3,2,2
525,Penzance Bitcoin,198.0,0.0002358491,0.2334267040,0.31093174372764915,21200,21.42,5,5.0,5,100,198,163083,2024-09-23,2024-07-09 00:00:00,,0,0,5,0,5,0,1
573,Satoshi Spritz Arezzo,299.75,0.0000794171,0.0020413840,0.31176119135099783,100734,3918.91,8,6.0,6,75,278,163661,2024-10-09,2024-04-20 00:00:00,,0,2,8,0,5,1,7
576,Satoshi Spritz Rovereto e Trento,324.5,0.0000702276,0.3945182724,0.3589944026608531,541098,96.32,38,26.979999999999997,27,71,308,166801,2025-01-05,2024-03-21 00:00:00,,0,11,38,0,26,0,17
583,Seoul Bitcoin Meetup | ÏÑúÏö∏ ÎπÑÌä∏ÏΩîÏù∏ Î™®ÏûÑ,333.84,0.0000007297,0.0210330551,0.33460311436823315,26037000,903.34,19,15.959999999999999,16,84,328,166578,2024-12-30,2024-03-01 00:00:00,,1,3,19,0,19,3,4
599,Sutton Coldfield Bitcoin,0,0.0000000000,0.0000000000,0.2999666525995875,109899,95.68,0,0.0,0,0,None,153472,2024-01-29,,,0,0,0,0,0,0,0
604,Taiwan BitDevs,406.7,0.0000003767,0.0000957029,0.2731310001687885,23894394,94041.04,9,2.6999999999999997,3,30,504,167254,2025-01-18,2023-09-07 00:00:00,,0,7,10,1,5,1,7
634,Uusimaa,336.07,0.0000074971,0.0007497622,0.3121597327113993,1734000,17338.83,13,8.32,9,64,320,167203,2025-01-17,2024-03-09 00:00:00,,0,5,14,1,8,4,11
649,West Michigan Bitcoin Meetup,0,0.0000000000,0.0000000000,0.29936157572972855,154316,1831.76,0,0.0,0,0,None,153481,2024-01-29,,,0,0,0,0,0,0,0
522,Paraleln√° Polis Levice,212.0,0.0002226463,0.0415775719,0.31525621435322104,31440,168.36,7,7.0,8,100,212,166969,2025-01-10,2024-06-25 00:00:00,,0,0,8,1,8,2,5
97,Bitcoin √© aqui! Rolante/Riozinho-RS-BRASIL,183.0,0.0095557731,0.5288411929,0.7483724749374453,21453,387.64,205,205.0,205,100,183,167339,2025-01-21,2024-07-24 00:00:00,,0,0,205,0,204,1,79
482,Montanha Bitcoin,188.0,0.0053370787,0.0788578069,0.3829700404227046,7120,481.88,38,38.0,38,100,188,166133,2024-12-14,2024-07-19 00:00:00,,0,0,38,0,38,1,8
147,Bitcoin Valley,320.67,0.0013528749,0.0254131998,0.38195983640384124,39915,2124.88,54,37.8,38,70,302,167025,2025-01-12,2024-03-27 00:00:00,,0,16,54,0,32,1,24
108,Goma,0,0.0000000000,0.0000000000,0.2999718073660183,2000000,80.89,0,0.0,0,0,None,153260,2024-01-29,,,0,0,0,0,0,0,0
109,Gombe,326.0,0.0000000089,0.0800000000,0.30218348521875527,111859928,12.5,1,1.0,1,100,326,155620,2024-03-04,2024-03-03 00:00:00,,0,0,1,0,1,1,1
110,Kinshasa,326.0,0.0000000089,0.0000829205,0.2979846543643937,111859928,12059.74,1,1.0,1,100,326,155621,2024-03-04,2024-03-03 00:00:00,,0,0,1,0,1,1,1
111,Lumumbashi,0,0.0000000000,0.0000000000,0.29999892652599003,111859928,3.08,0,0.0,0,0,None,153263,2024-01-29,,,0,0,0,0,0,0,0
408,Jednadvacet Brno,334.37,0.0000962073,0.2069625923,0.40396280703213727,696413,323.73,67,47.57,52,71,322,166637,2025-01-01,2024-03-07 00:00:00,,0,21,73,6,24,2,15
409,Jednadvacet Liberec,363.27,0.0002234866,0.0175579779,0.3294532701404685,107389,1366.9,24,13.68,15,57,362,164888,2024-11-09,2024-01-27 00:00:00,,0,11,26,2,6,0,2
410,Jednadvacet Mƒõln√≠k,393.5,0.0001980002,0.0821186615,0.3043587067788172,20202,48.71,4,2.0,2,50,422,162897,2024-09-17,2023-11-28 00:00:00,,0,2,4,0,1,0,0
411,Jednadvacet Praha,334.59,0.0000933780,0.3441708611,0.6816753470177284,2709418,735.1,253,174.57,188,69,321,167330,2025-01-20,2024-03-08 00:00:00,,0,84,272,19,80,22,67
536,Porto Alegre Bitcoin,160.34,0.0000267831,0.1569253275,0.5501583006575426,4405769,751.95,118,114.46,115,97,155,167396,2025-01-23,2024-08-21 00:00:00,,0,3,118,0,114,92,113
419,Kiveclair - Beercoin Goma,0,0.0000000000,0.0000000000,0.29983096966709816,2000000,484.98,0,0.0,0,0,None,153420,2024-01-29,,,0,0,0,0,0,0,0
577,Satoshi Spritz Torino,364.0,0.0000271455,0.1201420811,0.32509345859505795,847287,191.44,23,11.5,13,50,363,167312,2025-01-20,2024-01-26 00:00:00,,0,13,26,3,14,2,12
219,‚Çøitcoin S√©n√©gal - Dakar,365.0,0.0000015235,0.0061033915,0.29965737358434885,3938358,983.06,6,0.0,0,0,683,159293,2024-05-29,2023-03-12 00:00:00,,0,6,6,0,4,1,3
660,Zwolle Bitcoinstad,217.67,0.0000771605,0.0793470868,0.3262801211520546,181440,176.44,14,12.04,13,86,195,167198,2025-01-17,2024-07-12 00:00:00,,0,2,15,1,14,1,7
6,Abidjan Bitcoin Meetup,150.0,0.0000002042,0.0000179211,0.19643876721665327,29389150,334800.76,6,6.0,6,100,150,166276,2024-12-20,2024-08-26 00:00:00,,0,0,6,0,4,0,4
77,Bitcoin Berlin - El Salvador,186.16,0.0070838253,16.2580645161,0.5425852032485052,17787,7.75,126,110.88,113,88,164,167335,2025-01-21,2024-08-12 00:00:00,,0,14,127,1,126,6,11
438,Libreville Bitcoin MeetUp,220.0,0,0.0002607066,0.30085097286843093,0,3835.73,1,1.0,1,100,220,160045,2024-06-19,2024-06-17 00:00:00,,0,0,1,0,0,0,1
196,Bitcoiners in Chiang Mai,149.0,0.0000108514,0.0005839070,0.32068232323173174,1198000,22263.82,13,13.0,13,100,149,167275,2025-01-19,2024-08-27 00:00:00,,0,0,13,0,11,3,5
423,Koh Pha Ngan BTC,180.0,0.0005944125,0.0321612350,0.3130620292474186,10094,186.56,6,6.0,6,100,180,164746,2024-11-05,2024-07-27 00:00:00,,0,0,6,0,6,1,4
43,Bamako,0,0.0000000000,0.0000000000,0.2999002854174539,119287,286.1,0,0.0,0,0,None,153233,2024-01-29,,,0,0,0,0,0,0,0
654,Yirmibir Istanbul,402.85,0.0000006313,0.0008886930,0.30614223977519395,15840900,11252.48,10,4.6000000000000005,6,46,447,166599,2024-12-30,2023-11-03 00:00:00,,0,7,13,3,4,1,7
107,Congo,472.5,0.0000000179,0.0000008367,0.002187841850289107,111859928,2390297.56,2,1.0,1,50,580,155619,2024-03-04,2023-06-23 00:00:00,,0,1,2,0,2,1,2
732,Bitcoin Breda,145.0,0.0000123148,0.0294117647,0.3087342983965761,324812,136,4,4.0,5,100,145,165241,2024-11-19,2024-08-31 00:00:00,,0,0,5,1,4,1,3
284,Einundzwanzig Ingolstadt,365.0,0.0000144911,0.0150500414,0.29998332132339206,138016,132.89,2,0.0,0,0,781,162568,2024-09-06,2022-12-04 00:00:00,,0,2,2,0,1,0,1
731,Metz,365.0,0.0000165462,0.0010231016,0.29975465314033956,120874,1954.84,2,0.0,0,0,479,164392,2024-10-27,2023-10-02 00:00:00,,0,2,2,0,2,1,2
116,Bitcoin Lille,387.25,0.0000015335,0.0020462033,0.30194249499062864,2608346,1954.84,4,1.0,1,25,454,162933,2024-09-18,2023-10-27 00:00:00,,0,3,4,0,3,0,3
704,Yes Bitcoin Haiti,0,0.0000000000,0.0000000000,0.291106797598873,11470261,70858,0,0.0,0,0,None,158485,2024-05-10,,,0,0,0,0,0,0,0
712,Bitcoin Twente,249.5,0.0000047879,0.0018018018,0.304713674364428,626586,1665,3,2.25,3,75,211,167223,2025-01-18,2024-06-26 00:00:00,,0,1,4,1,3,0,4
567,Saint-Nazaire,22.0,0.0000139107,0.0204415372,0.30218170202893563,71887,48.92,1,1.0,1,100,22,166678,2025-01-02,2025-01-01 00:00:00,,0,0,1,0,1,1,0
117,Bitcoin Li√®ge,0,0.0000000000,0.0000000000,0.299978875851758,195278,168.31,0,0.0,0,0,None,153266,2024-01-29,,,0,0,0,0,0,0,0
735,BeCrypto Nivelles,0,0.0000000000,0.0000000000,0.29999239425237084,29070,60.6,0,0.0,0,0,None,162605,2024-09-07,,,0,0,0,0,0,0,0
734,BeCrypto Soignies,0,0.0000000000,0.0000000000,0.29998603479309077,28523,111.27,0,0.0,0,0,None,162606,2024-09-07,,,0,0,0,0,0,0,0
69,Bitcoin Andorra,368.0,0.0000500770,0.0085653105,0.3043170717510266,79877,467.0,4,2.0,2,50,371,165070,2024-11-14,2024-01-18 00:00:00,,0,2,4,0,3,1,1
1,2140 Bilbo,393.67,0.0000087177,0.0272479564,0.30215214506851934,344129.0,110.1,3,0.99,1,33,451,167044,2025-01-12,2023-10-30 00:00:00,,0,2,3,0,1,1,3
738,Bitcoin People Brescia,405.13,0.0002195357,0.0065907729,0.32900427552486766,200423,6676,44,13.64,14,31,494,167313,2025-01-20,2023-09-17 00:00:00,,1,31,45,1,23,2,27
736,Kent Bitcoin,108.0,0.0000018830,0.0007004436,0.3060259774139734,1593191,4283,3,3.0,3,100,108,164615,2024-11-02,2024-10-07 00:00:00,,0,0,3,0,2,0,3
44,Bitcoiners in Bangkok,167.07,0.0000019827,0.0185427923,0.36071322983474424,14626225,1563.95,29,27.84,28,96,160,167368,2025-01-21,2024-08-16 00:00:00,,0,1,29,0,15,3,4
741,Bitcoin Liverpool,223.0,0.0000020130,0.0052200240,0.3021637984002343,496770,191.57,1,1.0,1,100,223,163863,2024-10-13,2024-06-14 00:00:00,,0,0,1,0,1,1,0
671,Bitcoin Powerhouse,209.0,0,0,0.3350054696046257,,,16,16.0,16,100,209,167056,2025-01-13,2024-06-28 00:00:00,,0,0,16,0,2,1,2
678,Shiraz,144.0,0.0000011111,0.0034188034,0.30430226187940546,1800000,585,2,2.0,2,100,144,164891,2024-11-09,2024-09-01 00:00:00,,0,0,2,0,1,0,0
675,Isfahan,0,0.0000000000,0.0000000000,0.2998974604651314,3989070,817,0,0.0,0,0,None,153866,2024-01-29,,,0,0,0,0,0,0,0
674,Tehran,365.0,0.0000002532,0.0042417815,0.29988164653441723,15800000,943,4,0.0,0,0,473,167344,2025-01-21,2023-10-08 00:00:00,,0,4,4,0,1,1,1
679,Qom,0,0.0000000000,0.0000000000,0.29994979704535196,1260000,400,0,0.0,0,0,None,153870,2024-01-29,,,0,0,0,0,0,0,0
680,Ahvaz,0,0.0000000000,0.0000000000,0.29993825036578287,1184788,492,0,0.0,0,0,None,153871,2024-01-29,,,0,0,0,0,0,0,0
677,Tabriz,365.0,0.0000011280,0.0066225166,0.29996209676924074,1773023,302,2,0.0,0,0,368,167310,2025-01-20,2024-01-21 00:00:00,,0,2,2,0,2,1,1
676,Mashhad,0,0.0000000000,0.0000000000,0.29999623477840137,3600650,30,0,0.0,0,0,None,153867,2024-01-29,,,0,0,0,0,0,0,0
242,Dwadzi≈õcia Jedyn Katowice,272.0,0.0000001889,0.0042178076,0.3021580853039953,5294000,237.09,1,1.0,6,100,272,158498,2024-05-11,2024-04-26 00:00:00,,0,0,6,5,0,0,6
669,Enogtyve Bornholm,0,0.0000000000,0.0000000000,0.2999018532236631,39602,782,0,0.0,0,0,None,153853,2024-01-29,,,0,0,0,0,0,0,0
724,Bismarck Bitcoin,0,0.0000000000,0.0000000000,0.299982805488033,135786,137,0,0.0,0,0,None,161009,2024-07-18,,,0,0,0,0,0,0,0
336,Einundzwanzig Styria,405.0,0.0000215496,0.0016452129,0.30798246099415794,1252922,16411.25,27,4.590000000000001,5,17,597,166273,2024-12-20,2023-06-06 00:00:00,,0,24,29,2,16,1,23
745,Bitcoin CDE,212.6,0.0000091467,0.0208307295,0.3065334000128569,546643,240.03,5,3.0,3,60,111,166105,2024-12-13,2024-10-04 00:00:00,,1,2,5,0,5,0,4
729,Satoshi D.N.C.,31.0,0.0000127766,0.0004539952,0.3057341727400817,234805,6608,3,3.0,3,100,31,166984,2025-01-11,2024-12-23 00:00:00,,0,0,3,0,3,0,0
730,Bitcoin ASU,97.81,0.0000335187,0.0629921260,0.33252320785610034,477346,254,16,14.88,15,93,80,167356,2025-01-21,2024-11-04 00:00:00,,1,1,16,0,14,5,13
740,Tooting Market Bitcoin,175.0,0.0003000000,0,0.3262541022034693,40000,,12,12.0,12,100,175,166767,2025-01-04,2024-08-01 00:00:00,,0,0,12,0,12,3,2
361,FREE Madeira,109.0,0.0005024545,0.0926211794,0.5754973353978172,250769,1360.38,126,126.0,126,100,109,167409,2025-01-23,2024-10-06 00:00:00,,0,0,126,0,124,113,52
743,Bitcoin Amantikir,63.0,0.0077632928,0.0609763113,0.41584652829994634,6827,869.19,53,53.0,53,100,63,167219,2025-01-18,2024-11-21 00:00:00,,47,0,53,0,49,0,0
99,Bitcoin Ekasi,335.19,0.0053333333,0.1637666325,0.3391816018138352,6000,195.4,32,17.92,18,56,312,167185,2025-01-17,2024-03-17 00:00:00,,1,14,32,0,31,6,6
737,BTC Isla,110.43,0.0011074197,0.2456140351,0.32602816409740304,12642,57,14,11.9,12,85,68,166902,2025-01-08,2024-11-16 00:00:00,,0,2,14,0,14,0,5
639,Vancouver Bitcoiners,95.57,0.0000317842,0.4488618147,0.47640407935498147,2642825,187.14,84,80.64,102,96,85,167268,2025-01-19,2024-10-30 00:00:00,,0,4,106,22,76,3,99
664,Comunidad Bitcoin Santa Ana,93.0,0.0003118648,0.8173076923,0.47479551106989115,272554,104,85,79.89999999999999,80,94,76,166994,2025-01-11,2024-11-08 00:00:00,,0,5,85,0,80,1,79
748,Bitcoin Salvador Bahia,46.0,0.0000066329,0.0303030303,0.3567762027697967,3919865,858,26,26.0,26,100,46,167423,2025-01-23,2024-12-08 00:00:00,,0,0,26,0,25,19,23
749,Salento Bitcoin,348.29,0.0000161932,0.0022300139,0.31121396366183346,802807,5829.56,13,5.46,6,42,326,167005,2025-01-11,2024-03-03 00:00:00,,0,8,14,1,3,2,4
214,Cuba Bitcoin,13.0,0.0000079365,0.0070849865,0.3368921640111631,2141993,2399.44,17,17.0,17,100,13,167020,2025-01-12,2025-01-10 00:00:00,,0,0,17,0,16,6,16
750,Bitcoin Valais,329.36,0.0000286942,0.0015171951,0.3129561706657958,348503,6591.11,10,6.3,7,63,309,167024,2025-01-12,2024-03-20 00:00:00,,0,4,11,1,8,3,11
747,Bitcoin Txoko,278.33,0.0000028521,0.0004285714,0.3115415600708513,3155597,21000,9,6.4799999999999995,13,72,245,167039,2025-01-12,2024-05-23 00:00:00,,0,5,18,9,6,2,16
733,Bitcoin Loxion,0,0.0000000000,0.0000000000,0.29999974898522674,391749,2,0,0.0,0,0,None,161998,2024-08-19,,,0,0,0,0,0,0,0
752,Bitcoin Cape Town,401.91,0.0000184376,0.0262331050,0.3284584928751036,4772846,3354.54,88,13.2,14,15,597,167314,2025-01-20,2023-06-06 00:00:00,,1,74,88,0,37,7,23
120,Bitcoin Manchester,308.55,0.0000039110,0.0066890446,0.3192872764989269,2812569,1644.48,11,8.91,9,81,296,166903,2025-01-08,2024-04-02 00:00:00,,0,2,11,0,9,5,7
753,Bitcoin Stellenbosch,301.43,0.0000903506,0.1139879498,0.3108658665873245,77476,61.41,7,4.97,5,71,276,167067,2025-01-13,2024-04-22 00:00:00,,0,2,7,0,4,0,1
754,Bitcoin Melkbosstrand,396.5,0.0001726221,0.3215434084,0.3021870611943443,11586,6.22,2,1.0,1,50,428,167059,2025-01-13,2023-11-22 00:00:00,,0,1,2,0,1,0,1
755,21 Bansk√° ≈†tiavnica,303.5,0.0002000000,0.0042061873,0.3021281643430251,10000,475.49,2,1.0,1,50,242,167228,2025-01-18,2024-05-26 00:00:00,,0,1,2,0,2,0,2
756,"Bitcoin ""DUC"" PARIS Montmartre",312.79,0.0000028548,0.1483821558,0.34948464006882984,10858852,208.92,31,22.63,25,73,294,167133,2025-01-15,2024-04-04 00:00:00,,1,9,34,3,20,4,29
623,Triangle BitDevs,425.0,0.0000069553,0.0031266610,0.30773012978936226,1150204,2558.64,8,3.68,6,46,495,165566,2024-11-27,2023-09-16 00:00:00,,0,7,13,5,1,1,8
683,Lens,0,0.0000000000,0.0000000000,0.2999984939113606,242000,12,0,0.0,0,0,None,154912,2024-02-18,,,0,0,0,0,0,0,0
758,21 Galanta,127.0,0.0000209518,0.0031274922,0.30429542298190854,95457,639.49,2,2.0,3,100,127,167428,2025-01-23,2024-09-18 00:00:00,,0,0,3,1,3,0,3
759,21 Nitra,357.73,0.0000424706,0.0080110782,0.3067820347290559,164820,873.79,7,3.15,5,45,349,167422,2025-01-23,2024-02-09 00:00:00,,0,6,11,4,10,1,6
682,21 Levice,212.0,0.0002226463,0.0035353535,0.31506638832651596,31440,1980,7,7.0,8,100,212,166975,2025-01-10,2024-06-25 00:00:00,,0,0,8,1,8,2,5
672,21 Prievidza,366.14,0.0000388763,0.0050505051,0.30293872627765084,128613,990,5,1.4000000000000001,2,28,369,167420,2025-01-23,2024-01-20 00:00:00,,0,5,7,2,7,1,2
757,21 ≈†aƒæa,0,0.0000198476,0.0028222279,0.2999555289676989,50384,354.33,1,0.0,0,0,None,167427,2025-01-23,,,0,1,1,0,1,0,0
